TimeStamp,ECG Data,GSR Data
10,513,307
20,515,307
30,516,308
40,488,312
50,491,316
60,496,319
70,503,321
80,509,324
90,511,326
100,516,328
110,518,329
120,513,331
130,515,332
140,539,329
150,528,326
160,524,325
170,520,323
180,518,322
190,517,320
200,517,319
210,517,318
220,506,317
230,478,317
240,568,316
250,749,316
260,903,315
270,815,315
280,486,314
290,351,314
300,386,314
310,431,313
320,451,313
330,462,313
340,471,313
350,479,312
360,485,312
370,493,312
380,498,311
390,504,311
400,509,311
410,515,311
420,521,311
430,528,311
440,534,310
450,544,310
460,556,310
469,568,309
480,582,309
490,594,309
500,602,309
510,605,308
520,591,308
530,565,308
540,525,308
550,481,307
560,446,307
570,422,307
580,411,307
590,410,307
600,413,307
610,421,307
620,429,307
630,439,307
639,447,307
650,454,307
660,461,307
670,467,307
680,473,307
690,478,307
700,482,307
710,488,307
720,490,307
730,493,307
740,496,307
750,497,307
760,499,307
770,500,307
780,500,307
790,501,307
800,503,308
810,504,307
820,504,308
830,504,308
840,506,308
850,506,308
860,505,308
870,507,308
880,507,308
890,508,308
900,509,308
910,510,308
920,512,308
930,516,308
940,520,308
950,519,308
960,526,308
970,527,308
980,520,308
990,517,308
1000,510,308
1010,504,308
1020,505,308
1030,504,308
1040,503,308
1050,504,308
1060,506,308
1070,507,308
1080,499,308
1090,470,308
1100,566,308
1109,748,308
1120,899,308
1130,812,308
1140,484,308
1150,348,308
1160,384,308
1170,428,308
1180,449,307
1190,462,307
1200,471,307
1210,479,307
1220,486,307
1230,493,307
1240,497,307
1250,503,307
1260,510,307
1270,516,307
1279,522,307
1290,526,307
1300,536,307
1310,545,307
1320,557,307
1330,571,307
1340,585,307
1350,596,307
1360,601,307
1370,600,307
1380,586,307
1390,557,307
1400,516,307
1410,473,307
1420,440,307
1430,420,307
1440,411,307
1450,413,307
1460,418,307
1470,427,307
1480,435,307
1490,443,307
1500,451,307
1510,457,307
1520,465,307
1530,471,306
1540,476,307
1550,481,306
1560,487,306
1570,490,306
1580,493,306
1590,496,306
1600,498,306
1610,501,306
1620,500,306
1630,503,306
1640,504,306
1650,504,306
1660,504,306
1670,505,306
1680,506,306
1690,506,306
1700,507,306
1710,507,306
1720,507,306
1730,510,306
1740,516,306
1749,518,306
1760,521,306
1770,527,306
1780,527,306
1790,520,306
1800,517,306
1810,506,306
1820,504,306
1830,502,306
1840,504,306
1850,504,306
1860,505,306
1870,506,306
1880,506,306
1890,499,306
1900,468,306
1910,555,306
1919,739,306
1930,901,306
1940,834,306
1950,496,306
1960,348,306
1970,382,306
1980,427,306
1990,447,306
2000,461,306
2010,469,306
2020,476,306
2030,484,306
2040,491,306
2050,497,306
2060,503,306
2070,509,306
2080,516,306
2090,522,306
2100,528,306
2110,536,306
2120,546,306
2130,557,306
2140,572,306
2150,584,306
2160,594,306
2170,601,306
2180,598,306
2190,583,306
2200,550,305
2210,510,305
2220,470,305
2230,439,305
2240,421,305
2250,415,305
2260,416,305
2270,421,305
2280,432,305
2290,439,305
2300,447,305
2310,455,305
2320,463,305
2330,469,305
2340,475,305
2350,480,305
2360,484,305
2370,489,305
2380,493,305
2389,495,305
2400,498,305
2410,499,305
2420,501,305
2430,501,305
2440,503,305
2450,504,305
2460,506,305
2470,505,305
2480,505,305
2490,506,305
2500,508,305
2510,507,305
2520,509,305
2530,509,305
2540,514,305
2550,519,305
2559,520,305
2570,525,305
2580,528,305
2590,521,305
2600,517,305
2610,510,305
2620,503,305
2630,502,305
2640,503,305
2650,505,305
2660,504,305
2670,506,305
2680,507,305
2690,506,305
2700,473,305
2710,520,305
2720,685,305
2730,866,305
2740,904,305
2750,587,305
2760,360,305
2770,371,305
2780,420,305
2790,444,305
2800,457,305
2810,466,304
2820,475,304
2830,482,304
2840,489,304
2850,496,304
2860,502,304
2870,507,304
2880,514,304
2890,520,304
2900,526,304
2910,533,304
2920,544,304
2930,554,304
2940,567,304
2950,581,304
2960,592,304
2970,600,304
2980,598,304
2990,586,304
3000,557,304
3010,517,304
3020,478,304
3029,444,304
3040,424,304
3050,417,303
3060,416,304
3070,421,303
3080,430,304
3090,439,303
3100,446,303
3110,454,303
3120,463,303
3130,469,303
3140,474,303
3150,479,303
3160,483,303
3170,487,303
3180,490,303
3190,494,303
3199,497,303
3210,498,303
3220,501,303
3230,502,303
3240,502,303
3250,504,303
3260,504,303
3270,505,303
3280,505,303
3290,504,303
3300,507,303
3310,508,303
3320,508,303
3330,509,303
3340,509,303
3350,509,303
3360,512,303
3370,517,302
3380,521,303
3390,521,302
3400,527,303
3410,529,302
3420,520,302
3430,518,302
3440,509,302
3450,504,302
3460,503,302
3470,503,302
3480,503,302
3490,504,302
3500,507,302
3510,509,302
3520,507,302
3530,477,302
3540,506,302
3550,658,302
3560,842,302
3570,925,302
3580,631,302
3590,372,302
3600,366,302
3610,417,302
3620,442,302
3630,454,302
3640,465,302
3650,473,302
3660,480,301
3669,489,301
3680,496,301
3690,501,301
3700,505,301
3710,512,301
3720,519,301
3730,525,301
3740,533,301
3750,542,301
3760,554,301
3770,567,301
3780,579,301
3790,590,301
3800,598,301
3810,598,301
3820,589,301
3830,561,301
3839,523,301
3850,482,301
3860,447,301
3870,427,301
3880,417,301
3890,416,301
3900,420,301
3910,429,301
3920,437,300
3930,445,300
3940,455,300
3950,461,300
3960,468,300
3970,472,300
3980,479,300
3990,482,300
4000,488,300
4010,490,300
4020,493,300
4030,496,300
4040,497,300
4050,500,300
4060,500,300
4070,504,300
4080,503,300
4090,504,300
4100,506,300
4110,505,300
4120,505,300
4130,505,300
4140,507,300
4150,507,300
4160,509,300
4170,509,300
4180,510,300
4190,510,300
4200,510,300
4210,511,300
4220,511,300
4230,511,300
4240,512,300
4250,512,300
4260,511,300
4270,513,300
4280,513,300
4290,512,300
4300,514,300
4309,514,300
4320,515,300
4330,513,300
4340,514,300
4350,515,300
4360,514,300
4370,513,300
4380,514,300
4390,515,299
4400,514,300
4410,515,299
4420,515,299
4430,515,299
4440,514,299
4450,514,299
4460,514,299
4470,515,299
4479,514,299
4490,515,299
4500,514,299
4510,512,299
4520,514,299
4530,514,299
4540,514,299
4550,514,299
4560,516,299
4570,514,299
4580,513,299
4590,513,299
4600,513,299
4610,514,299
4620,516,299
4630,515,299
4640,519,299
4650,524,299
4660,524,299
4670,519,299
4680,517,299
4690,509,299
4700,506,299
4710,506,299
4720,506,299
4730,506,299
4740,506,299
4750,507,299
4760,509,299
4770,489,299
4780,474,299
4790,593,299
4800,776,299
4810,942,299
4820,768,299
4830,430,299
4840,356,299
4850,403,299
4860,430,299
4870,445,299
4880,455,299
4890,463,299
4900,472,299
4910,481,299
4920,486,299
4930,492,299
4940,497,299
4949,504,299
4960,510,299
4970,517,299
4980,525,299
4990,534,299
5000,543,299
5010,554,299
5020,566,299
5030,579,299
5040,591,299
5050,596,299
5060,595,299
5070,585,299
5080,560,299
5090,524,299
5100,483,299
5110,448,299
5119,425,298
5130,412,298
5140,409,299
5150,415,298
5160,422,299
5170,431,298
5180,440,298
5190,448,298
5200,455,299
5210,462,298
5220,469,298
5230,474,298
5240,478,298
5250,484,298
5260,486,298
5270,489,298
5280,492,299
5290,494,299
5300,494,299
5310,497,298
5320,499,299
5330,499,299
5340,499,298
5350,501,298
5360,502,299
5370,502,299
5380,503,299
5390,503,299
5400,504,299
5410,505,299
5420,506,299
5430,508,299
5440,507,299
5450,508,299
5460,509,299
5470,509,299
5480,510,299
5490,510,299
5500,510,299
5510,511,299
5520,511,299
5530,511,299
5540,512,299
5550,513,299
5560,513,299
5570,513,299
5580,513,299
5589,513,299
5600,513,299
5610,513,299
5620,513,299
5630,514,299
5640,513,299
5650,513,299
5660,513,299
5670,513,299
5680,514,299
5690,513,299
5700,513,299
5710,513,299
5720,513,299
5730,513,299
5740,514,299
5750,514,299
5759,514,299
5770,513,299
5780,513,299
5790,514,299
5800,515,299
5810,515,299
5820,514,299
5830,514,299
5840,515,299
5850,515,299
5860,514,299
5870,519,299
5880,523,299
5890,525,299
5900,519,299
5910,517,299
5920,509,299
5930,506,299
5940,506,299
5950,506,299
5960,507,299
5970,507,299
5980,506,299
5990,508,299
6000,489,299
6010,476,299
6020,597,299
6030,781,299
6040,942,299
6050,760,299
6060,426,299
6070,356,299
6080,404,299
6090,432,299
6100,446,299
6110,457,299
6120,466,299
6130,474,299
6140,480,299
6150,487,299
6160,495,299
6170,499,299
6180,504,299
6190,512,299
6200,519,299
6210,525,299
6220,535,299
6229,544,299
6240,554,299
6250,568,299
6260,581,299
6270,591,299
6280,597,299
6290,597,299
6300,586,299
6310,561,299
6320,523,299
6330,481,299
6340,446,299
6350,423,299
6360,410,299
6370,407,299
6380,412,299
6390,420,299
6399,430,299
6410,438,299
6420,446,299
6430,455,299
6440,462,299
6450,467,299
6460,473,299
6470,478,299
6480,482,299
6490,485,299
6500,489,299
6510,493,299
6520,495,299
6530,496,299
6540,498,299
6550,498,299
6560,500,299
6570,501,299
6580,503,299
6590,503,299
6600,505,299
6610,504,299
6620,504,299
6630,505,299
6640,506,299
6650,507,299
6660,507,299
6670,508,299
6680,509,299
6690,509,299
6700,509,299
6710,509,299
6720,512,299
6730,510,299
6740,510,299
6750,511,299
6760,512,299
6770,512,299
6780,513,299
6790,512,299
6800,512,299
6810,512,299
6820,512,299
6830,512,299
6840,513,299
6850,513,300
6860,514,300
6869,514,299
6880,513,299
6890,514,300
6900,516,300
6910,514,300
6920,513,300
6930,513,300
6940,513,300
6950,513,300
6960,513,300
6970,513,300
6980,513,300
6990,515,300
7000,515,300
7010,512,300
7020,513,300
7030,514,300
7039,513,300
7050,513,300
7060,512,300
7070,514,300
7080,513,300
7090,515,300
7100,515,300
7110,518,300
7120,520,300
7130,525,300
7140,520,300
7150,516,300
7160,513,300
7170,507,300
7180,505,300
7190,504,300
7200,504,300
7210,505,300
7220,505,300
7230,506,300
7240,505,300
7250,474,300
7260,504,300
7270,653,300
7280,839,300
7290,937,300
7300,643,300
7310,374,300
7320,369,300
7330,415,300
7340,436,300
7350,450,300
7360,459,300
7370,467,300
7380,475,300
7390,482,300
7400,489,300
7410,494,300
7420,499,300
7430,506,300
7440,513,300
7450,519,300
7460,526,300
7470,535,300
7480,547,300
7490,559,300
7500,570,300
7509,585,300
7520,596,300
7530,600,300
7540,596,300
7550,582,300
7560,553,300
7570,514,300
7580,474,300
7590,437,300
7600,417,300
7610,408,300
7620,407,300
7630,411,300
7640,421,300
7650,431,300
7660,438,300
7670,447,300
7679,456,300
7690,462,300
7700,468,300
7710,474,300
7720,478,300
7730,483,300
7740,486,300
7750,490,300
7760,493,300
7770,495,300
7780,497,300
7790,498,300
7800,500,300
7810,501,300
7820,501,300
7830,503,300
7840,503,300
7850,504,300
7860,505,300
7870,505,300
7880,506,300
7890,507,300
7900,509,300
7910,509,300
7920,509,300
7930,509,300
7940,509,300
7950,511,300
7960,511,300
7970,511,300
7980,512,300
7990,513,300
8000,512,300
8010,512,300
8020,512,300
8030,512,300
8040,513,300
8050,512,300
8060,513,300
8070,513,300
8080,514,300
8090,513,300
8100,514,300
8110,512,300
8120,515,300
8130,514,300
8140,514,300
8149,514,300
8160,515,300
8170,515,300
8180,514,300
8190,514,300
8200,515,300
8210,514,300
8220,514,300
8230,514,300
8240,515,300
8250,515,300
8260,514,300
8270,513,300
8280,513,300
8290,515,300
8300,514,300
8310,513,300
8319,513,300
8330,515,300
8340,513,300
8350,513,300
8360,513,300
8370,514,300
8380,514,300
8390,514,300
8400,515,300
8410,520,300
8420,523,300
8430,524,300
8440,517,300
8450,515,300
8460,509,300
8470,506,300
8480,505,300
8490,505,300
8500,507,300
8510,506,300
8520,509,300
8530,505,300
8540,469,300
8550,524,300
8560,681,300
8570,867,300
8580,911,301
8590,584,301
8600,361,301
8610,381,300
8620,421,301
8630,440,300
8640,451,300
8650,461,300
8660,469,301
8670,476,300
8680,483,300
8690,491,300
8700,496,300
8710,502,300
8720,508,300
8730,515,300
8740,522,301
8750,529,300
8760,537,300
8770,548,300
8780,559,300
8789,572,301
8800,585,301
8810,596,301
8820,601,301
8830,597,300
8840,581,300
8850,552,301
8860,512,301
8870,470,300
8880,438,300
8890,416,301
8900,407,300
8910,406,300
8920,413,300
8930,420,301
8940,429,301
8950,440,301
8959,447,301
8970,455,301
8980,462,300
8990,469,300
9000,474,301
9010,479,300
9020,483,300
9030,487,301
9040,489,301
9050,492,301
9060,496,301
9070,496,301
9080,499,301
9090,501,301
9100,502,301
9110,502,301
9120,502,301
9130,504,301
9140,504,301
9150,504,301
9160,506,301
9170,507,301
9180,507,301
9190,508,301
9200,508,301
9210,509,301
9220,510,301
9230,512,301
9240,513,301
9250,511,301
9260,510,301
9270,512,301
9280,513,301
9290,514,301
9300,515,301
9310,516,301
9320,514,301
9330,510,301
9340,513,301
9350,512,301
9360,514,301
9370,516,301
9380,516,301
9390,514,301
9400,516,301
9410,512,301
9420,512,301
9429,514,301
9440,515,301
9450,516,301
9460,515,301
9470,514,301
9480,514,301
9490,514,301
9500,514,301
9510,514,301
9520,518,301
9530,515,301
9540,513,301
9550,512,301
9560,513,301
9570,513,301
9580,517,301
9590,521,301
9599,522,301
9610,524,301
9620,521,301
9630,518,301
9640,516,301
9650,511,301
9660,507,301
9670,505,301
9680,504,301
9690,502,301
9700,504,301
9710,505,301
9720,506,301
9730,486,301
9740,487,301
9750,610,301
9760,795,301
9770,949,301
9780,731,301
9790,405,301
9800,363,301
9810,411,301
9820,433,301
9830,446,301
9840,453,301
9850,465,301
9860,474,301
9870,481,301
9880,490,301
9890,492,301
9900,497,301
9910,505,301
9920,512,301
9930,521,301
9940,530,301
9950,538,301
9960,541,301
9970,552,301
9980,567,301
9990,581,301
10000,594,301
10010,603,301
10020,606,301
10030,589,301
10040,562,301
10050,528,301
10060,487,301
10069,451,301
10080,427,301
10090,413,301
10100,403,301
10110,408,301
10120,416,301
10130,424,301
10140,437,301
10150,448,301
10160,454,301
10170,458,301
10180,463,301
10190,471,301
10200,478,301
10210,482,301
10220,487,302
10230,489,301
10239,493,301
10250,492,301
10260,495,302
10270,497,301
10280,500,301
10290,504,301
10300,504,302
10310,502,301
10320,499,302
10330,502,302
10340,504,302
10350,506,302
10360,507,302
10370,509,301
10380,511,302
10390,504,302
10400,503,302
10410,507,302
10420,510,302
10430,511,302
10440,512,302
10450,516,302
10460,512,302
10470,510,302
10480,511,302
10490,511,302
10500,511,302
10510,512,302
10520,513,302
10530,517,302
10540,509,302
10550,509,302
10560,512,302
10570,513,302
10580,514,302
10590,514,302
10600,517,302
10610,511,302
10620,511,302
10630,513,302
10640,514,302
10650,514,302
10660,515,302
10670,515,302
10680,514,302
10690,512,302
10700,511,302
10709,513,302
10720,515,302
10730,518,302
10740,521,302
10750,523,302
10760,525,302
10770,523,302
10780,516,302
10790,511,302
10800,506,302
10810,504,302
10820,504,302
10830,505,302
10840,505,302
10850,508,302
10860,508,302
10870,501,302
10879,465,302
10890,527,302
10900,687,302
10910,879,302
10920,904,302
10930,572,302
10940,358,302
10950,386,302
10960,425,302
10970,437,302
10980,450,302
10990,458,302
11000,467,302
11010,475,302
11020,485,302
11030,491,302
11040,494,302
11050,501,302
11060,505,302
11070,515,302
11080,519,302
11090,528,302
11100,536,302
11110,547,302
11120,558,302
11130,572,302
11140,586,302
11150,596,302
11160,602,302
11170,597,302
11180,580,302
11190,548,302
11200,508,302
11210,467,302
11220,434,302
11230,415,302
11240,407,302
11250,410,302
11260,414,302
11270,422,302
11280,430,302
11290,440,302
11300,449,302
11310,457,302
11320,463,302
11330,467,302
11340,472,302
11349,480,302
11360,484,302
11370,487,302
11380,491,302
11390,495,302
11400,492,302
11410,495,302
11420,499,302
11430,500,302
11440,500,302
11450,503,302
11460,504,302
11470,506,302
11480,503,302
11490,506,302
11500,502,302
11510,505,302
11519,508,302
11530,507,302
11540,510,302
11550,515,302
11560,509,302
11570,510,302
11580,510,302
11590,510,302
11600,511,302
11610,514,302
11620,512,302
11630,513,302
11640,514,302
11650,511,302
11660,512,302
11670,512,302
11680,514,302
11690,514,302
11700,517,302
11710,520,302
11720,523,302
11730,527,302
11740,523,302
11750,519,302
11760,515,302
11770,507,302
11780,507,302
11790,506,302
11800,505,302
11810,506,302
11820,508,302
11830,508,302
11840,506,302
11850,471,302
11860,515,302
11870,671,302
11880,860,302
11890,927,302
11900,614,302
11910,364,302
11920,377,302
11930,423,302
11940,441,302
11950,452,302
11960,463,302
11970,472,302
11980,478,302
11989,487,302
12000,492,302
12010,496,302
12020,503,302
12030,507,302
12040,514,302
12050,523,302
12060,529,302
12070,538,302
12080,549,302
12090,559,302
12100,574,302
12110,588,302
12120,598,302
12130,604,302
12140,601,302
12150,575,302
12159,545,302
12170,502,302
12180,462,302
12190,433,302
12200,415,302
12210,410,302
12220,410,302
12230,418,302
12240,428,302
12250,435,302
12260,444,302
12270,452,302
12280,459,302
12290,467,302
12300,473,302
12310,479,302
12320,482,302
12330,484,302
12340,489,302
12350,492,302
12360,496,302
12370,500,302
12380,498,302
12390,501,302
12400,501,302
12410,503,302
12420,503,302
12430,505,302
12440,507,302
12450,509,302
12460,507,302
12470,506,302
12480,504,302
12490,507,302
12500,509,302
12510,511,302
12520,511,302
12530,512,303
12540,512,302
12550,513,302
12560,511,302
12570,511,302
12580,512,302
12590,513,302
12600,515,302
12610,515,302
12620,515,302
12629,513,302
12640,512,302
12650,512,302
12660,513,303
12670,514,302
12680,515,302
12690,514,302
12700,516,303
12710,515,303
12720,514,302
12730,515,303
12740,519,303
12750,521,303
12760,523,302
12770,527,302
12780,526,302
12790,520,302
12799,516,302
12810,509,302
12820,503,303
12830,504,303
12840,506,303
12850,506,302
12860,506,302
12870,508,302
12880,509,302
12890,490,302
12900,474,303
12910,593,302
12920,773,303
12930,927,303
12940,767,303
12950,437,303
12960,355,303
12970,405,303
12980,435,303
12990,449,302
13000,457,303
13010,466,302
13020,474,302
13030,482,302
13040,488,303
13050,494,303
13060,499,303
13070,505,302
13080,513,302
13090,519,302
13100,527,302
13110,536,302
13120,544,302
13130,554,302
13140,568,303
13150,581,303
13160,594,302
13170,600,302
13180,602,302
13190,588,302
13200,562,302
13210,525,302
13220,483,302
13230,447,302
13240,423,302
13250,413,302
13260,412,302
13269,419,302
13280,423,302
13290,432,302
13300,440,302
13310,448,302
13320,456,302
13330,465,302
13340,471,302
13350,476,302
13360,480,302
13370,483,302
13380,487,303
13390,489,302
13400,493,302
13410,495,302
13420,498,303
13430,499,302
13439,500,302
13450,501,302
13460,501,302
13470,500,302
13480,501,302
13490,504,302
13500,504,303
13510,506,302
13520,508,302
13530,507,302
13540,507,302
13550,506,302
13560,507,303
13570,508,302
13580,510,303
13590,513,303
13600,513,303
13610,513,302
13620,513,303
13630,510,302
13640,512,302
13650,512,302
13660,513,303
13670,514,302
13680,513,302
13690,513,302
13700,517,303
13710,515,302
13720,517,302
13730,522,302
13740,521,302
13750,526,302
13760,527,302
13770,521,302
13780,519,302
13790,510,302
13800,506,302
13810,504,302
13820,503,302
13830,504,302
13840,505,302
13850,507,302
13860,510,302
13870,502,302
13880,472,302
13890,555,302
13900,727,302
13909,890,302
13920,835,303
13930,505,302
13940,350,302
13950,390,302
13960,432,302
13970,450,302
13980,460,302
13990,469,302
14000,476,302
14010,484,302
14020,490,302
14030,496,302
14040,502,302
14050,507,302
14060,512,302
14070,517,302
14079,524,302
14090,532,302
14100,542,302
14110,556,302
14120,565,302
14130,578,302
14140,590,302
14150,600,302
14160,600,302
14170,590,302
14180,567,302
14190,534,302
14200,487,302
14210,452,302
14220,427,302
14230,414,302
14240,411,302
14250,417,302
14260,425,302
14270,432,302
14280,440,302
14290,449,302
14300,455,302
14310,463,302
14320,468,302
14330,475,302
14340,480,302
14350,484,302
14360,487,302
14370,491,302
14380,492,302
14390,494,302
14400,495,302
14410,497,302
14420,500,302
14430,502,302
14440,502,302
14450,503,302
14460,504,302
14470,504,302
14480,505,302
14490,507,302
14500,505,302
14510,505,302
14520,507,302
14530,508,302
14540,508,302
14549,508,302
14560,508,302
14570,509,302
14580,510,302
14590,511,302
14600,512,302
14610,513,302
14620,514,302
14630,512,302
14640,513,302
14650,518,302
14660,522,302
14670,523,301
14680,526,302
14690,529,302
14700,522,302
14710,518,302
14719,510,301
14730,506,301
14740,508,301
14750,504,302
14760,505,301
14770,507,301
14780,507,301
14790,508,301
14800,506,301
14810,472,301
14820,530,301
14830,696,301
14840,874,302
14850,890,301
14860,569,301
14870,357,301
14880,374,301
14890,424,301
14900,445,301
14910,459,301
14920,469,301
14930,473,301
14940,480,301
14950,488,301
14960,494,301
14970,500,301
14980,506,301
14990,514,301
15000,518,301
15010,523,301
15020,530,301
15030,540,301
15040,551,301
15050,565,301
15060,578,301
15070,589,301
15080,599,301
15090,599,301
15100,590,301
15110,571,301
15120,534,301
15130,494,301
15140,457,301
15150,433,301
15160,417,301
15170,413,301
15180,416,300
15189,422,300
15200,433,300
15210,441,301
15220,452,300
15230,458,300
15240,464,300
15250,470,300
15260,475,300
15270,481,300
15280,486,300
15290,489,300
15300,491,300
15310,494,300
15320,496,300
15330,498,300
15340,499,300
15350,501,300
15359,504,300
15370,503,300
15380,503,300
15390,504,300
15400,506,300
15410,506,300
15420,506,300
15430,506,300
15440,508,300
15450,508,300
15460,509,300
15470,509,300
15480,511,300
15490,511,300
15500,511,300
15510,511,299
15520,511,300
15530,511,299
15540,512,300
15550,513,299
15560,513,299
15570,511,299
15580,515,299
15590,520,299
15600,522,299
15610,523,299
15620,526,299
15630,527,299
15640,520,299
15650,518,299
15660,509,299
15670,506,299
15680,504,299
15690,502,299
15700,504,299
15710,506,299
15720,507,299
15730,509,299
15740,500,299
15750,469,299
15760,560,299
15770,736,298
15780,913,299
15790,844,299
15800,497,299
15810,350,298
15820,394,299
15829,432,298
15840,447,299
15850,457,298
15860,463,298
15870,472,298
15880,480,298
15890,488,298
15900,494,298
15910,500,298
15920,507,298
15930,510,298
15940,517,298
15950,524,298
15960,533,298
15970,544,298
15980,555,298
15990,568,298
15999,581,298
16010,592,298
16020,598,298
16030,600,298
16040,588,298
16050,564,297
16060,526,297
16070,486,297
16080,451,297
16090,428,297
16100,417,297
16110,413,297
16120,416,297
16130,423,297
16140,431,297
16150,442,297
16160,451,297
16170,459,297
16180,465,297
16190,472,297
16200,475,297
16210,480,297
16220,482,297
16230,488,297
16240,493,297
16250,495,297
16260,498,297
16270,501,297
16280,502,297
16290,499,297
16300,500,297
16310,503,297
16320,502,297
16330,504,296
16340,507,297
16350,505,296
16360,503,296
16370,503,296
16380,506,296
16390,507,296
16400,508,296
16410,510,296
16420,507,296
16430,508,296
16440,509,296
16450,510,296
16460,512,296
16469,511,296
16480,519,296
16490,513,296
16500,504,296
16510,506,296
16520,508,296
16530,512,296
16540,512,296
16550,513,296
16560,513,296
16570,513,296
16580,517,296
16590,514,296
16600,512,296
16610,519,296
16620,520,296
16630,519,296
16639,522,296
16650,527,296
16660,515,296
16670,519,296
16680,506,296
16690,501,296
16700,503,296
16710,506,296
16720,504,296
16730,512,296
16740,498,296
16750,502,296
16760,511,296
16770,468,296
16780,548,295
16790,716,296
16800,885,296
16810,855,296
16820,515,296
16830,348,295
16840,397,295
16850,428,295
16860,449,296
16870,460,295
16880,461,295
16890,477,295
16900,480,295
16910,490,295
16920,503,295
16930,499,295
16940,512,295
16950,506,295
16960,524,295
16970,522,295
16980,533,295
16990,552,295
17000,553,295
17010,573,295
17020,563,295
17030,584,295
17040,613,295
17050,596,295
17060,588,295
17070,572,295
17080,519,295
17090,490,295
17100,451,295
17109,423,295
17120,416,295
17130,409,295
17140,405,295
17150,425,295
17160,421,295
17170,433,295
17180,445,295
17190,449,295
17200,461,295
17210,461,295
17220,481,295
17230,471,295
17240,479,295
17250,487,295
17260,489,295
17270,484,295
17279,497,295
17290,499,295
17300,494,295
17310,498,295
17320,498,295
17330,498,295
17340,506,295
17350,503,295
17360,507,295
17370,500,295
17380,515,295
17390,501,295
17400,506,295
17410,507,295
17420,507,295
17430,519,295
17440,520,295
17450,524,295
17460,519,295
17470,530,295
17480,511,294
17490,516,295
17500,517,295
17510,499,295
17520,512,295
17530,499,295
17540,506,295
17550,506,295
17560,512,295
17570,505,295
17580,505,294
17590,469,294
17600,556,295
17610,744,295
17620,903,295
17630,845,295
17640,504,295
17650,337,295
17660,379,295
17670,424,295
17680,449,295
17690,460,295
17700,474,294
17710,477,294
17720,482,295
17730,491,294
17740,497,294
17749,505,294
17760,506,294
17770,515,294
17780,524,294
17790,528,294
17800,532,295
17810,548,294
17820,556,295
17830,571,294
17840,584,294
17850,596,294
17860,604,295
17870,603,294
17880,587,295
17890,558,294
17900,514,295
17910,473,294
17919,441,295
17930,421,294
17940,416,294
17950,419,294
17960,420,294
17970,429,294
17980,443,294
17990,449,294
18000,457,295
18010,464,294
18020,470,294
18030,478,294
18040,479,294
18050,486,294
18060,488,295
18070,494,294
18080,494,294
18090,497,294
18100,502,295
18110,501,294
18120,500,295
18130,507,294
18140,502,295
18150,501,295
18160,504,295
18170,503,295
18180,506,295
18190,505,295
18200,512,295
18210,504,295
18220,507,295
18230,504,295
18240,499,295
18250,500,295
18260,521,295
18270,518,294
18280,519,295
18290,515,295
18300,518,295
18310,517,295
18320,520,295
18330,522,295
18340,522,295
18350,525,295
18360,520,295
18370,512,295
18380,508,295
18389,505,295
18400,501,295
18410,502,295
18420,508,295
18430,504,295
18440,505,295
18450,507,295
18460,485,295
18470,480,295
18480,608,295
18490,793,295
18500,949,295
18510,740,295
18520,413,295
18530,362,295
18540,405,295
18550,433,295
18559,451,295
18570,460,295
18580,470,295
18590,474,295
18600,478,295
18610,486,295
18620,495,295
18630,499,295
18640,504,295
18650,513,295
18660,521,295
18670,529,295
18680,530,295
18690,540,295
18700,561,295
18710,574,295
18720,581,295
18730,595,295
18740,590,295
18750,590,295
18760,577,295
18770,543,295
18780,509,295
18790,472,295
18800,443,295
18810,423,295
18820,417,295
18830,422,295
18840,432,295
18850,440,295
18860,436,295
18870,450,295
18880,458,295
18890,464,295
18900,473,295
18910,475,295
18920,484,295
18930,492,295
18940,485,295
18950,486,295
18960,492,295
18970,497,295
18980,496,295
18990,500,295
19000,505,296
19010,507,295
19020,498,295
19029,501,295
19040,502,295
19050,504,295
19060,502,295
19070,507,295
19080,508,295
19090,510,295
19100,503,295
19110,507,295
19120,512,295
19130,512,295
19140,512,295
19150,513,296
19160,509,295
19170,512,295
19180,521,295
19190,520,296
19199,522,296
19210,527,296
19220,528,295
19230,520,295
19240,514,295
19250,507,296
19260,508,295
19270,505,296
19280,504,295
19290,506,296
19300,506,296
19310,508,296
19320,506,295
19330,497,296
19340,473,295
19350,576,296
19360,754,295
19370,916,296
19380,797,296
19390,457,296
19400,352,296
19410,400,296
19420,436,296
19430,452,296
19440,457,296
19450,464,296
19460,474,296
19470,478,296
19480,492,296
19490,500,296
19500,504,296
19510,510,296
19520,513,296
19530,519,296
19540,526,296
19550,536,296
19560,546,296
19570,552,296
19580,566,296
19590,582,296
19600,595,296
19610,600,296
19620,600,296
19630,581,296
19640,552,296
19650,515,296
19660,474,296
19669,441,296
19680,425,296
19690,415,296
19700,420,295
19710,426,295
19720,433,295
19730,441,295
19740,450,296
19750,456,296
19760,466,295
19770,466,295
19780,477,295
19790,480,295
19800,485,295
19810,490,295
19820,492,295
19830,496,295
19839,491,295
19850,496,295
19860,498,295
19870,500,295
19880,499,296
19890,500,295
19900,500,295
19910,503,295
19920,509,295
19930,500,295
19940,501,295
19950,502,295
19960,505,295
19970,505,295
19980,509,295
19990,509,295
20000,519,295
20010,513,295
20020,507,295
20030,507,296
20040,510,295
20050,515,295
20060,517,295
20070,521,295
20080,519,296
20090,517,295
20100,521,295
20110,531,295
20120,525,295
20130,517,295
20140,510,295
20150,505,295
20160,502,295
20170,503,295
20180,503,295
20190,503,295
20200,510,295
20210,509,295
20220,502,295
20230,466,295
20240,539,295
20250,711,295
20260,903,295
20270,889,296
20280,542,295
20290,351,295
20300,383,295
20309,422,295
20320,442,295
20330,461,295
20340,466,295
20350,472,295
20360,477,295
20370,482,295
20380,491,295
20390,499,295
20400,507,295
20410,516,295
20420,521,295
20430,519,295
20440,526,295
20450,540,295
20460,553,295
20470,566,295
20479,577,295
20490,591,295
20500,597,295
20510,598,295
20520,587,295
20530,555,295
20540,521,295
20550,483,295
20560,452,295
20570,431,295
20580,421,295
20590,419,295
20600,422,295
20610,424,295
20620,433,295
20630,446,295
20640,452,295
20650,463,295
20660,474,295
20670,472,295
20680,475,295
20690,483,295
20700,486,295
20710,487,295
20720,492,295
20730,498,295
20740,496,295
20750,495,295
20760,496,295
20770,498,295
20780,502,295
20790,502,295
20800,507,295
20810,503,295
20820,504,295
20830,502,295
20840,503,295
20850,506,295
20860,504,295
20870,508,295
20880,511,295
20890,511,295
20900,513,295
20910,511,295
20920,509,295
20930,510,295
20940,512,295
20949,515,295
20960,515,295
20970,518,295
20980,517,295
20990,517,295
21000,519,295
21010,525,295
21020,530,295
21030,523,295
21040,517,295
21050,511,295
21060,505,295
21070,502,295
21080,505,295
21090,501,295
21100,505,295
21110,508,295
21119,509,295
21130,508,295
21140,478,295
21150,496,295
21160,644,296
21170,830,296
21180,932,296
21190,653,296
21200,379,296
21210,370,295
21220,414,296
21230,443,295
21240,455,296
21250,462,295
21260,470,296
21270,477,295
21280,484,296
21290,494,295
21300,497,296
21310,500,295
21320,509,295
21330,516,295
21340,520,295
21350,528,295
21360,538,295
21370,550,295
21380,557,296
21390,574,295
21400,585,295
21410,593,295
21420,596,295
21430,594,295
21440,571,295
21450,536,295
21460,495,295
21470,460,295
21480,435,295
21490,417,295
21500,420,295
21510,421,295
21520,427,295
21530,435,295
21540,442,295
21550,450,295
21560,459,295
21570,466,295
21580,471,295
21589,476,295
21600,480,295
21610,484,295
21620,489,295
21630,488,295
21640,493,295
21650,495,295
21660,497,295
21670,498,295
21680,502,295
21690,501,295
21700,499,295
21710,500,295
21720,504,295
21730,504,295
21740,506,295
21750,508,295
21759,503,295
21770,508,295
21780,509,295
21790,511,295
21800,512,295
21810,511,295
21820,513,295
21830,512,295
21840,512,295
21850,511,295
21860,513,295
21870,513,295
21880,515,295
21890,517,295
21900,521,295
21910,525,296
21920,525,295
21930,523,295
21940,523,295
21950,517,295
21960,509,295
21970,504,296
21980,504,296
21990,504,296
22000,505,295
22010,503,296
22020,507,295
22030,507,295
22040,494,295
22050,465,295
22060,568,295
22070,751,296
22080,918,296
22090,804,296
22100,467,296
22110,352,295
22120,399,295
22130,435,296
22140,452,295
22150,459,295
22160,467,295
22170,475,296
22180,482,295
22190,490,295
22200,495,295
22210,498,295
22220,506,295
22229,508,295
22240,521,295
22250,530,295
22260,538,295
22270,543,295
22280,556,295
22290,565,295
22300,578,295
22310,590,295
22320,596,295
22330,593,295
22340,579,295
22350,554,295
22360,517,295
22370,474,295
22380,444,295
22390,425,295
22399,417,295
22410,417,295
22420,426,295
22430,431,295
22440,440,295
22450,448,295
22460,455,295
22470,460,295
22480,470,295
22490,474,295
22500,479,295
22510,483,295
22520,487,295
22530,489,295
22540,492,295
22550,494,295
22560,495,295
22570,492,295
22580,502,295
22590,502,295
22600,500,295
22610,502,295
22620,500,295
22630,500,295
22640,502,295
22650,506,295
22660,506,295
22670,508,295
22680,509,295
22690,508,295
22700,506,295
22710,509,295
22720,510,295
22730,518,295
22740,522,295
22750,521,295
22760,526,295
22770,524,295
22780,518,295
22790,516,295
22800,504,295
22810,502,295
22820,505,295
22830,504,295
22840,505,295
22850,506,295
22860,506,295
22869,508,295
22880,498,295
22890,473,295
22900,571,295
22910,750,295
22920,896,295
22930,796,295
22940,471,295
22950,346,295
22960,386,295
22970,431,295
22980,455,295
22990,462,295
23000,471,295
23010,480,295
23020,486,295
23030,496,295
23039,501,295
23050,506,295
23060,510,295
23070,518,295
23080,522,295
23090,526,295
23100,536,295
23110,545,295
23120,560,295
23130,572,295
23140,584,295
23150,595,295
23160,598,295
23170,592,295
23180,579,295
23190,545,295
23200,506,295
23210,467,295
23220,436,295
23230,424,295
23240,416,295
23250,419,295
23260,422,295
23270,431,295
23280,440,295
23290,448,295
23300,458,295
23310,464,295
23320,468,295
23330,475,295
23340,483,295
23350,484,295
23360,488,295
23370,493,295
23380,494,295
23390,497,295
23400,492,295
23410,499,295
23420,499,295
23430,504,295
23440,507,295
23450,504,295
23460,502,295
23470,507,295
23480,506,295
23490,512,295
23500,514,295
23509,513,295
23520,525,295
23530,522,295
23540,518,295
23550,513,295
23560,503,295
23570,501,295
23580,499,295
23590,503,295
23600,504,295
23610,508,295
23620,507,295
23630,509,295
23640,501,295
23650,474,295
23660,566,295
23670,749,295
23679,897,295
23690,803,295
23700,479,295
23710,349,295
23720,384,295
23730,432,295
23740,453,295
23750,467,295
23760,476,295
23770,484,295
23780,487,295
23790,497,295
23800,502,295
23810,510,295
23820,515,295
23830,520,295
23840,525,295
23850,531,295
23860,540,295
23870,550,295
23880,561,295
23890,572,295
23900,587,295
23910,593,295
23920,599,295
23930,592,295
23940,574,295
23950,540,295
23960,498,295
23970,462,295
23980,434,295
23990,424,295
24000,420,295
24010,422,295
24020,427,295
24030,437,295
24040,446,295
24050,455,295
24060,459,295
24070,468,295
24080,473,295
24090,476,295
24100,485,295
24110,488,295
24120,489,295
24130,492,295
24140,497,295
24149,501,295
24160,500,295
24170,497,295
24180,500,295
24190,503,295
24200,501,295
24210,504,295
24220,506,295
24230,505,295
24240,507,295
24250,505,295
24260,508,295
24270,511,295
24280,515,295
24290,518,295
24300,523,295
24310,527,295
24319,523,296
24330,517,295
24340,516,295
24350,508,296
24360,504,296
24370,504,295
24380,504,295
24390,505,295
24400,504,295
24410,506,295
24420,508,295
24430,494,295
24440,466,295
24450,560,295
24460,741,295
24470,915,296
24480,844,296
24490,488,296
24500,351,295
24510,390,296
24520,429,295
24530,447,295
24540,458,295
24550,466,295
24560,475,295
24570,485,295
24580,492,295
24590,494,295
24600,501,295
24610,509,295
24620,514,295
24630,520,295
24640,527,295
24650,535,295
24660,547,295
24670,558,295
24680,569,295
24690,582,295
24700,589,295
24710,590,295
24720,591,295
24730,574,295
24740,542,295
24750,506,295
24760,470,295
24770,441,295
24780,428,295
24789,421,295
24800,424,295
24810,429,295
24820,438,295
24830,440,295
24840,450,295
24850,458,295
24860,467,295
24870,469,295
24880,477,295
24890,485,295
24900,488,295
24910,488,295
24920,495,295
24930,493,295
24940,494,295
24950,497,295
24959,498,295
24970,501,295
24980,500,295
24990,499,295
25000,505,295
25010,506,295
25020,501,295
25030,501,295
25040,508,295
25050,509,295
25060,509,295
25070,514,295
25080,518,295
25090,518,295
25100,526,295
25110,528,295
25120,521,295
25130,516,295
25140,505,295
25150,503,295
25160,504,295
25170,504,295
25180,503,295
25190,506,295
25200,506,295
25210,506,295
25220,503,295
25230,468,295
25240,518,294
25250,678,295
25260,870,295
25270,915,295
25280,587,294
25290,357,295
25300,376,294
25310,424,294
25320,444,294
25330,455,294
25340,463,294
25350,476,294
25360,483,294
25370,487,294
25380,490,294
25390,499,294
25400,508,294
25410,515,294
25420,519,294
25429,524,294
25440,532,293
25450,544,293
25460,555,293
25470,566,293
25480,577,293
25490,588,293
25500,595,293
25510,588,293
25520,579,293
25530,551,293
25540,515,293
25550,478,293
25560,446,293
25570,430,292
25580,423,293
25590,422,292
25599,428,292
25610,437,292
25620,442,292
25630,452,292
25640,460,292
25650,468,292
25660,471,292
25670,479,292
25680,480,292
25690,486,292
25700,490,292
25710,493,292
25720,491,291
25730,497,291
25740,498,291
25750,500,291
25760,497,291
25770,500,291
25780,502,291
25790,506,291
25800,506,291
25810,504,291
25820,506,291
25830,505,291
25840,505,291
25850,508,290
25860,509,290
25870,510,290
25880,514,290
25890,522,290
25900,519,290
25910,529,290
25920,528,290
25930,524,290
25940,516,290
25950,507,290
25960,504,290
25970,502,289
25980,503,289
25990,503,289
26000,503,289
26010,504,289
26020,507,289
26030,503,289
26040,469,289
26050,532,289
26060,699,289
26069,882,289
26080,884,289
26090,548,288
26100,355,288
26110,387,288
26120,427,288
26130,446,288
26140,458,288
26150,467,288
26160,475,288
26170,481,288
26180,488,288
26190,496,287
26200,500,287
26210,504,287
26220,514,287
26230,519,287
26239,527,287
26250,536,287
26260,544,287
26270,556,287
26280,568,287
26290,579,287
26300,592,287
26310,596,287
26320,591,286
26330,579,286
26340,548,286
26350,509,286
26360,471,286
26370,441,286
26380,425,286
26390,422,286
26400,424,286
26410,429,286
26420,437,286
26430,442,286
26440,455,286
26450,461,285
26460,467,285
26470,472,285
26480,479,285
26490,482,285
26500,486,285
26510,489,285
26520,493,285
26530,495,285
26540,494,285
26550,499,285
26560,500,285
26570,499,285
26580,502,285
26590,504,285
26600,505,285
26610,506,284
26620,502,284
26630,504,284
26640,505,284
26650,508,284
26660,508,284
26670,509,284
26680,511,284
26690,511,284
26700,507,284
26709,511,284
26720,512,284
26730,515,284
26740,511,284
26750,512,284
26760,515,284
26770,522,284
26780,523,284
26790,524,284
26800,529,284
26810,525,284
26820,519,284
26830,510,284
26840,505,283
26850,505,284
26860,505,283
26870,506,283
26879,505,283
26890,508,283
26900,504,283
26910,510,283
26920,493,283
26930,471,283
26940,583,283
26950,767,283
26960,941,283
26970,781,283
26980,440,283
26990,358,283
27000,410,283
27010,434,283
27020,448,283
27030,459,283
27040,467,283
27050,475,283
27060,484,282
27070,486,283
27080,492,282
27090,502,283
27100,507,282
27110,515,283
27120,520,282
27130,527,282
27140,537,282
27150,549,282
27160,560,282
27170,569,282
27180,583,282
27190,592,282
27200,596,282
27210,590,282
27220,572,282
27230,536,282
27240,498,282
27250,460,282
27260,429,282
27270,423,282
27280,418,282
27290,422,282
27300,429,282
27310,434,282
27320,442,282
27330,454,282
27340,457,282
27349,465,282
27360,470,282
27370,478,282
27380,481,282
27390,487,282
27400,487,282
27410,489,282
27420,492,282
27430,492,282
27440,495,282
27450,497,282
27460,500,282
27470,499,282
27480,501,282
27490,501,282
27500,503,282
27510,504,282
27519,502,282
27530,504,282
27540,505,282
27550,506,282
27560,507,282
27570,508,282
27580,509,282
27590,506,282
27600,508,282
27610,508,282
27620,512,282
27630,510,282
27640,513,282
27650,512,282
27660,511,282
27670,514,282
27680,512,282
27690,512,282
27700,513,282
27710,514,282
27720,518,282
27730,520,282
27740,526,282
27750,528,282
27760,521,282
27770,517,282
27780,510,282
27790,503,282
27800,503,282
27810,504,282
27820,503,282
27830,505,282
27840,505,282
27850,502,282
27860,506,282
27870,481,282
27880,481,282
27890,617,282
27900,802,282
27910,931,282
27920,698,282
27930,401,282
27940,363,282
27950,418,282
27960,442,282
27970,451,282
27980,459,282
27989,468,282
28000,478,282
28010,484,282
28020,490,282
28030,497,282
28040,504,282
28050,508,282
28060,515,282
28070,519,282
28080,528,282
28090,538,282
28100,549,282
28110,561,282
28120,573,282
28130,588,282
28140,596,282
28150,596,282
28159,588,282
28170,568,282
28180,533,282
28190,492,282
28200,457,282
28210,435,282
28220,421,282
28230,417,282
28240,421,282
28250,429,282
28260,434,282
28270,446,282
28280,453,282
28290,459,282
28300,466,282
28310,472,282
28320,477,282
28330,480,282
28340,486,282
28350,490,282
28360,491,282
28370,491,282
28380,494,282
28390,495,282
28400,496,282
28410,500,283
28420,499,282
28430,501,282
28440,503,283
28450,502,282
28460,505,283
28470,504,283
28480,503,282
28490,507,283
28500,508,282
28510,508,283
28520,511,283
28530,508,283
28540,508,283
28550,511,283
28560,509,283
28570,511,283
28580,511,283
28590,512,283
28600,509,283
28610,514,283
28620,512,283
28629,512,283
28640,512,283
28650,514,283
28660,517,283
28670,521,283
28680,522,283
28690,528,283
28700,528,283
28710,521,283
28720,516,283
28730,509,283
28740,504,283
28750,502,283
28760,505,283
28770,506,283
28780,507,283
28790,508,283
28799,508,283
28810,505,283
28820,471,283
28830,527,283
28840,691,283
28850,866,283
28860,877,283
28870,557,283
28880,356,283
28890,378,283
28900,425,283
28910,449,283
28920,461,283
28930,468,283
28940,477,283
28950,484,283
28960,491,283
28970,498,283
28980,503,283
28990,510,283
29000,515,283
29010,521,283
29020,526,283
29030,537,283
29040,544,283
29050,553,283
29060,568,283
29070,584,283
29080,595,283
29090,600,283
29100,598,283
29110,585,283
29120,557,283
29130,514,283
29140,475,283
29150,441,283
29160,421,283
29170,419,283
29180,416,283
29190,423,283
29200,431,283
29210,438,283
29220,447,283
29230,455,283
29240,461,283
29250,468,283
29260,471,284
29269,480,283
29280,484,284
29290,487,283
29300,491,284
29310,491,284
29320,494,284
29330,500,284
29340,498,283
29350,500,284
29360,501,284
29370,501,284
29380,501,284
29390,505,284
29400,503,284
29410,506,284
29420,505,284
29430,507,284
29439,506,284
29450,508,284
29460,507,284
29470,508,284
29480,509,284
29490,511,284
29500,509,284
29510,513,284
29520,513,284
29530,513,284
29540,514,284
29550,511,284
29560,514,284
29570,512,284
29580,514,284
29590,515,284
29600,522,284
29610,523,284
29620,525,284
29630,531,284
29640,522,284
29650,519,284
29660,514,284
29670,506,284
29680,503,284
29690,503,284
29700,503,284
29710,507,284
29720,507,284
29730,506,284
29740,508,284
29750,490,284
29760,478,284
29770,596,284
29780,782,284
29790,927,284
29800,743,284
29810,422,284
29820,353,284
29830,407,284
29840,439,284
29850,455,284
29860,463,284
29870,470,284
29880,478,284
29890,488,284
29900,494,284
29909,500,284
29920,503,284
29930,508,284
29940,517,284
29950,522,284
29960,530,284
29970,539,284
29980,548,284
29990,563,284
30000,574,284
30010,585,284
30020,594,284
30030,598,284
30040,594,284
30050,574,284
30060,539,284
30070,499,284
30079,461,284
30090,432,284
30100,418,284
30110,415,284
30120,416,284
30130,424,284
30140,432,284
30150,443,284
30160,450,284
30170,458,284
30180,464,284
30190,470,284
30200,477,284
30210,481,284
30220,484,284
30230,486,284
30240,490,284
30250,495,284
30260,498,284
30270,498,284
30280,499,284
30290,500,284
30300,501,284
30310,501,284
30320,504,284
30330,504,284
30340,506,284
30350,504,284
30360,507,284
30370,506,284
30380,507,284
30390,508,284
30400,509,284
30410,509,284
30420,507,284
30430,510,284
30440,513,284
30450,514,284
30460,512,284
30470,512,284
30480,512,284
30490,512,284
30500,514,284
30510,514,284
30520,513,284
30530,515,284
30540,516,284
30549,513,284
30560,512,284
30570,515,284
30580,512,284
30590,514,284
30600,514,284
30610,514,284
30620,517,284
30630,515,284
30640,515,284
30650,515,284
30660,513,284
30670,514,284
30680,514,284
30690,514,284
30700,512,284
30710,514,284
30719,511,284
30730,517,284
30740,516,284
30750,512,284
30760,515,284
30770,516,284
30780,517,284
30790,520,284
30800,519,284
30810,522,284
30820,524,284
30830,516,284
30840,519,284
30850,512,284
30860,506,284
30870,506,284
30880,504,284
30890,505,284
30900,506,284
30910,509,284
30920,508,284
30930,489,284
30940,477,284
30950,597,284
30960,778,284
30970,935,284
30980,738,284
30990,416,284
31000,361,284
31010,411,284
31020,436,284
31030,449,284
31040,460,284
31050,469,284
31060,474,284
31070,480,284
31080,488,284
31090,493,284
31100,499,284
31110,508,284
31120,515,284
31130,521,284
31140,524,284
31150,535,284
31160,545,284
31170,559,284
31180,570,284
31189,580,284
31200,593,284
31210,599,284
31220,594,284
31230,580,284
31240,552,284
31250,513,284
31260,472,284
31270,439,284
31280,419,284
31290,411,284
31300,414,284
31310,418,284
31320,423,284
31330,434,284
31340,442,284
31350,451,284
31359,458,284
31370,465,284
31380,470,284
31390,476,284
31400,477,284
31410,481,284
31420,490,284
31430,493,284
31440,492,284
31450,495,284
31460,495,284
31470,499,284
31480,498,284
31490,500,284
31500,500,284
31510,500,284
31520,502,284
31530,503,284
31540,505,284
31550,504,284
31560,504,284
31570,505,284
31580,506,284
31590,508,284
31600,511,284
31610,509,284
31620,510,284
31630,510,284
31640,507,284
31650,509,284
31660,509,284
31670,512,284
31680,513,284
31690,510,284
31700,513,284
31710,512,284
31720,514,284
31730,512,284
31740,511,284
31750,513,284
31760,514,284
31770,514,284
31780,515,284
31790,515,284
31800,512,284
31810,510,284
31820,512,285
31829,513,285
31840,512,284
31850,513,284
31860,517,285
31870,513,285
31880,514,285
31890,511,285
31900,513,285
31910,512,284
31920,514,284
31930,519,285
31940,519,285
31950,522,284
31960,525,285
31970,524,285
31980,514,284
31990,516,285
31999,509,285
32010,506,285
32020,506,284
32030,506,285
32040,505,284
32050,509,285
32060,508,285
32070,503,285
32080,473,285
32090,507,285
32100,656,285
32110,837,285
32120,918,285
32130,627,285
32140,370,285
32150,367,285
32160,417,285
32170,441,285
32180,454,285
32190,465,285
32200,473,285
32210,480,285
32220,489,284
32230,493,285
32240,499,285
32250,505,285
32260,510,285
32270,519,285
32280,525,285
32290,528,285
32300,540,285
32310,552,285
32320,564,285
32330,576,285
32340,586,285
32350,596,285
32360,600,285
32370,594,285
32380,576,285
32390,543,285
32400,501,285
32410,460,285
32420,433,285
32430,416,285
32440,409,285
32450,409,285
32460,419,285
32469,427,285
32480,438,285
32490,447,285
32500,457,285
32510,462,285
32520,465,285
32530,469,285
32540,476,285
32550,482,285
32560,486,285
32570,488,285
32580,492,285
32590,495,285
32600,495,285
32610,496,285
32620,499,285
32630,502,285
32639,503,285
32650,503,285
32660,503,285
32670,505,285
32680,504,285
32690,505,285
32700,503,285
32710,506,285
32720,509,285
32730,509,285
32740,509,285
32750,511,285
32760,509,285
32770,510,285
32780,511,285
32790,510,285
32800,510,285
32810,512,285
32820,511,285
32830,514,285
32840,514,285
32850,513,285
32860,512,285
32870,515,285
32880,514,285
32890,512,285
32900,510,285
32910,511,285
32920,511,285
32930,514,285
32940,513,285
32950,514,285
32960,513,285
32970,513,285
32980,510,285
32990,519,285
33000,523,285
33010,521,285
33020,523,285
33030,527,286
33040,522,285
33050,515,286
33060,510,285
33070,504,285
33080,505,286
33090,505,286
33100,503,285
33109,503,286
33120,504,286
33130,505,286
33140,505,286
33150,474,286
33160,497,286
33170,643,286
33180,837,286
33190,948,286
33200,661,286
33210,377,286
33220,373,286
33230,418,286
33240,436,286
33250,449,286
33260,456,286
33270,466,286
33279,476,286
33290,482,286
33300,489,286
33310,496,286
33320,500,286
33330,506,286
33340,511,286
33350,521,286
33360,528,286
33370,537,286
33380,547,286
33390,558,285
33400,571,286
33410,586,286
33420,597,286
33430,601,286
33440,596,286
33450,576,286
33460,547,286
