,feat_rmssd,feat_nnhr,feat_sdsd,feat_pnn50,feat_pnn20,peak vlf,peak lf,peak hf,norm power lf,norm power hf,power ratio,total power,scr_mean,scr_std,scr_max,scr_min,scr_range,scr_kurtosis,scr_skew,scr_momentum,scr_activity,scr_complexity,scr_mobility,scr_rms,scr_acr_length,scr_integral,scr_average_power,scr_f1sc,scr_f2sc,scr_f3sc,scr_Energy,scr_Entropy,scr_max_freq,scl_mean,scl_std,scl_max,scl_min,scl_range,scl_kurtosis,scl_skew,scl_momentum
S21,0.0832335056025599,73.10763887454972,69.09687165219313,0.37967914438502676,0.7448433919022154,0.0166015625,0.1494140625,0.15625,52.073696374786785,47.926303625213215,1.0865368792470718,1481.2735084653555,-0.00012926389019459362,0.007588814298682722,0.1336695299777997,-0.07123208582216081,0.20490161579996052,93.39924196261113,3.421544955753905,5.759010245989133e-05,5.759010245989133e-05,52.43778147230518,0.013029385430298782,0.007589915125559681,804299.007575499,2324.2566678121843,5.7606811613199625e-05,6.005039591613733,3.558607705594461,1.2601139140683615,9187649.972125057,49851.874862457356,-0.15234375,2.056566935532588,1.0757808006987637,5.592778346127966,1.0849370075602003,4.507841338567766,0.9521293252550769,1.3795355499029125,1.1573043311520732
S22,0.09120600644611979,74.6106879035262,73.76944964749475,0.20155038759689922,0.5503875968992248,0.0244140625,0.1328125,0.2373046875,36.70056173134744,63.29943826865255,0.5797928502237983,2872.457113170021,0.0004072737795348078,0.04295506091951181,0.26492653092248525,-0.15151802747143703,0.41644455839392225,6.53649582498781,1.4451983188696045,0.0018451372585989705,0.0018451372585989705,4.849603400359887,0.0014912997160934894,0.04295699163733963,364504.0007478896,9317.285050944562,0.001845303130530467,384.2676696585722,305.31738916721497,176.90513900593584,47966850.84736166,263104.2155716317,0.01171875,1.7970950819394491,0.6117092317272893,3.1515301266892353,1.1749950208262812,1.9765351058629541,-0.7974698418905803,0.8283186047525092,0.37418818418039046
S23,0.15915712751493954,66.82508636476453,144.9096710674029,0.38461538461538464,0.7189349112426036,0.0234375,0.125,0.1796875,65.32751127197896,34.67248872802103,1.8841310118931176,3865.7533108275866,-4.706970801891629e-05,0.005649025854591856,0.0272843487606422,-0.021660234280694492,0.04894458304133669,2.5845406562712947,0.47691760821824525,3.1911493105847245e-05,3.1911493105847245e-05,20.86134791200121,0.007497940352158871,0.0056492219520266895,255423.00024016193,1032.1582281280735,3.191370866326024e-05,5.2482545037882415,4.101112767842879,1.765061803522613,3416.789196882559,887.4002821371008,0.12109375,0.7373194709556014,0.08517181875464251,0.8863714788630729,0.5577159175592271,0.32865556130384577,-0.39604043174835724,-0.4180985764420642,0.007254238709973674
S24,0.17216779459579193,67.12088248520844,156.1338749819691,0.41475826972010177,0.7468193384223919,0.0390625,0.0400390625,0.1611328125,36.1849527520078,63.815047247992204,0.5670285350003605,6912.416306840401,7.187518658188043e-06,0.0038454906738056836,0.05260639743493115,-0.05136452710766209,0.10397092454259324,55.75651280345945,0.06720463849760312,1.478779852232649e-05,1.478779852232649e-05,2.755078273543088,0.007839424339440269,0.0038454973908131768,540868.0002458278,1075.8740708264759,1.4787850182750951e-05,4.115369138002296,2.290713465662725,1.5885633939165933,221029.84195492484,4330.161594190407,0.48828125,0.7097592639502129,0.1567449232871657,0.9431344834713794,0.4695827115770066,0.4735517718943728,-1.3567517723912037,-0.1810007902383319,0.02456897097629946
S31,0.11040687233805424,54.99655061028761,122.09666103601039,0.6629327902240326,0.8533604887983707,0.015625,0.078125,0.3125,38.8329828541465,61.1670171458535,0.6348680165578253,6281.723320051638,-6.351403430836174e-05,0.012386111203195733,0.10728179209692841,-0.2796182349773191,0.3869000270742475,121.34267057251546,-5.4367466502055874,0.00015341575073793084,0.00015341575073793084,11.481336431467291,0.005145728375646721,0.012386274047125102,801059.0016377487,5485.809639745941,0.00015341978477048486,26.364080976014552,30.223088220134503,32.1591580685096,105916751.95037186,183528.51478322293,-0.0078125,6.979973054768836,0.6334809629108755,8.821093768601331,6.517189749055193,2.303904019546138,1.477608508564539,1.6179234754120684,0.40129813037049006
S32,0.10027082529030897,83.60899752663684,74.17800729921225,0.30063291139240506,0.5981012658227848,0.005859375,0.1240234375,0.173828125,42.30910495766546,57.69089504233454,0.7333757766562355,10075.848360400085,0.0010783352601831458,0.21065037835523656,0.7070259136175255,-5.128879416649921,5.835905330267447,150.79434047140674,-6.667843715764461,0.04437358190120432,0.04437358190120432,2.384609978205403,0.008289791777808682,0.21065313837713803,173634.2646110642,22252.982256102816,0.04437474470813766,22905.515265544116,421.4618964397094,215.32133463167474,160814917351.7691,7724010.979321527,0.15625,8.35791016633459,1.0185524364620258,11.802917595474845,6.88867667752858,4.914240917946265,1.3695588338657636,1.101902352936831,1.0374490658227289
S33,0.12235157719084422,54.59509342164273,136.78811985893245,0.6759581881533101,0.8745644599303136,0.01953125,0.1044921875,0.1640625,47.45083038300076,52.54916961699923,0.9029796422825074,8738.844452556914,-0.0001797917050474248,0.01498869045775052,0.07204175063900102,-0.13184373412206998,0.203885484761071,17.778420836265134,-1.7288450134601125,0.0002246608416382615,0.0002246608416382615,45.3179031818935,0.0043692632063770265,0.014989768733888636,265559.0006139333,2441.549514627838,0.00022469316669546533,10.62054554689597,13.764788924266881,13.605481856427442,156887.54017115646,10756.222712546964,-0.03515625,7.983102868432287,0.18666260785787842,8.277429920291425,7.523675222200309,0.7537546980911163,-1.1690224603609896,-0.07347895833586712,0.034842929172304096
S34,0.15316439280918498,53.835932918477816,175.72698680623006,0.6129541864139021,0.8372827804107424,0.0126953125,0.1103515625,0.150390625,50.319872770417966,49.680127229582034,1.0128772927226923,14536.098788722926,-1.5107990806809581e-05,0.014142605085312863,0.20144307110984835,-0.18714215832375997,0.3885852294336083,58.31974637950825,0.5095410101380718,0.00020001327859911724,0.00020001327859911724,9.524199248501258,0.005206397669230196,0.014142613154947834,548418.001493359,4152.331239609983,0.00020001350685050351,23.5161400143388,28.88432464933903,27.880718483620925,42671175.63812007,100773.5522080942,0.484375,7.229219167340798,0.15069535756893937,7.515953804917943,7.064684216178827,0.45126958873911605,-1.300463914396157,0.5813089561468502,0.022709090792830493
S41,0.09194513220365445,60.65568712517123,91.97597832386292,0.5676657584014533,0.815622161671208,0.013671875,0.0556640625,0.16796875,37.369224388649535,62.63077561135047,0.5966591348084339,3633.537591880816,-7.08359573106622e-05,0.002643863460185958,0.04408328424418858,-0.041075403067725676,0.08515868731191426,43.8546594579128,-1.8178919573405279,6.990013996106467e-06,6.990013996106467e-06,34.08089407464027,0.013531612490223463,0.0026448122294322873,810293.0007385386,1326.9511464120194,6.995031728954586e-06,10.333316880756454,4.236354726762115,2.7437856774708482,36119.37877055491,2806.5473982068133,-0.00390625,1.2792761829225296,0.023636297198219323,1.3339332290956885,1.2500704382869514,0.08386279080873704,-0.759637057421438,0.6569540035978011,0.0005586745452425507
S42,0.057134355775923705,80.71681278096644,43.0336053847274,0.21635883905013192,0.6358839050131926,0.013671875,0.126953125,0.1669921875,48.37113316302058,51.62886683697942,0.9369009262929343,2559.5779522035377,-6.860934882453837e-05,0.08322015483754469,0.41959861623940076,-0.18429991732616988,0.6038985335655707,2.534729063913696,1.2780562870404513,0.006925594171184914,0.006925594171184914,2.9490263705509916,0.0016567327797336936,0.08322018311940718,440094.00418293424,26722.957804749054,0.006925598878427665,1150.6434185372677,519.3534090699474,643.7873112655477,2028330005.1798754,3463125.448872423,0.48046875,4.0938353312562805,0.6811177204652541,4.893438628721459,2.2621826186021696,2.631256010119289,-0.6760039846019619,-0.6890871148775993,0.463921349131784
S43,0.08029931789810506,63.014917926269305,77.10885320346978,0.4133738601823708,0.7477203647416414,0.0146484375,0.0966796875,0.240234375,59.718871181895025,40.28112881810498,1.4825520767196931,2000.0436903099178,2.885224036809316e-05,0.0019836797196421726,0.024181406798760564,-0.010279093451115438,0.034460500249876,14.221568642664757,1.4114584819300506,3.934985230119648e-06,3.934985230119648e-06,12.459854712225388,0.011677049941530153,0.001983889533692314,263370.0000735958,357.45533511652263,3.935817681893907e-06,0.4076071211318284,0.360349276205031,0.26242728856837494,571.4709793965992,56.873028892097935,-0.28515625,1.3716125548901141,0.007762203669368605,1.3829707316125712,1.349634074420499,0.03333665719207213,0.13244465121321003,-1.0922890364195035,6.025180580475944e-05
S44,0.07056054044864385,62.93572644997539,68.0742578918655,0.453551912568306,0.7841530054644809,0.005859375,0.1328125,0.3515625,52.425058618867816,47.57494138113219,1.101946888360416,3354.2967147628115,7.279604179457075e-07,0.040849432309019905,0.5861208276800096,-0.587674402397539,1.1737952300775487,91.64266170150475,0.11933404108362822,0.0016686761199691993,0.0016686761199691993,4.071216386020657,0.003675672734064811,0.040849432315506244,400797.0045181386,3024.4430816810955,0.0016686761204991257,1.032144816166617,0.8167309211130805,1.1621210993764164,2476963431.6907983,766962.5351560556,-0.30859375,1.9840068582031605,0.53480817621584,2.569388675812098,1.42456629533589,1.1448223804762079,-1.9900564073783635,0.02454459280401626,0.286019785347313
S51,0.03099607813948172,63.088892565673945,29.60856245046702,0.09563758389261745,0.4395973154362416,0.025390625,0.103515625,0.150390625,84.47425210711425,15.525747892885756,5.440913551470344,1479.3247556386489,1.2723282073239632e-05,0.012630260968448988,0.22577914079703204,-0.13338346076062918,0.3591626015576612,116.931489036724,5.00904581173091,0.00015952349213112598,0.00015952349213112598,143.57106912421355,0.0029610385135607404,0.012630267376941498,821995.000782417,4082.1972572350933,0.00015952365401303268,6.585777674086316,9.511574843270733,13.234821146224464,75706231.37208357,149179.95789024472,-0.0625,4.091701484082989,0.6281456523274395,6.358431456007013,3.6856811355409027,2.6727503204661103,2.527374161809954,1.871291810100123,0.3945669605378644
S52,0.10195452780912453,88.62898186656443,69.58595789837945,0.013530135301353014,0.2029520295202952,0.013671875,0.123046875,0.2314453125,50.979702800055044,49.02029719994496,1.0399713121305245,2154.8514173598273,7.555955541133634e-06,0.14544418553745408,0.7486751330135667,-0.4186767931891368,1.1673519262027034,4.333238224020022,1.6704501272385035,0.02115401110665337,0.02115401110665337,3.142438769310016,0.001797162624939464,0.1454441857337234,441789.0150923437,43776.82295978017,0.021154011163745826,6211.61771056161,7308.317259870051,5188.406365067436,16830600039.337475,10467951.127425916,0.14453125,9.610933648222423,0.375193388170336,10.449591983163769,8.80103175228718,1.6485602308765888,-0.4933598203381431,-0.14161850105433746,0.1407700785267364
S53,0.03531978668667596,66.68092739751894,31.947456226006818,0.054441260744985676,0.335243553008596,0.009765625,0.064453125,0.1572265625,92.63719605392447,7.362803946075523,12.58178225746475,1668.007634484021,0.0004538045518194138,0.056066069401678055,0.3442431437097409,-0.2849073649606471,0.629150508670388,8.43442880992339,1.1575732875791407,0.00314340413815378,0.00314340413815378,246.51057025537256,0.001774874860003389,0.056067905942036325,257727.00176406032,8581.333317190987,0.0031436100767250324,117.80781106764162,6.20238413466587,137.96706763852487,18607051.232224636,138970.87171927336,0.3359375,5.653340247797593,0.26356005201062777,6.278237117827492,5.269923386364492,1.0083137314629997,-0.93534030318584,0.34719530548948996,0.06946390101584482
S54,0.035468611359978336,64.13582659276946,33.31197329044485,0.09375,0.408203125,0.017578125,0.08203125,0.150390625,75.09327125982534,24.906728740174657,3.0149792870510366,1418.6152560158675,0.0002409465198876896,0.10968597336831133,1.4594157417442755,-1.5310170912292276,2.990432832973503,77.78092278981843,-1.115039269205154,0.012031012753753902,0.012031012753753902,10.361485151581913,0.0037061892941927434,0.10968623801087969,343136.0284228278,9535.892873125731,0.01203107080897935,13327.62750178555,3.1498943809376074,2.6074123793848947,53520951748.48486,4100026.847144483,0.18359375,6.529231986448595,0.8426248653969793,8.22595020200801,4.938756828206504,3.2871933738015056,-0.8521952168183402,-0.003011309029734968,0.7100166637852776
S61,0.04472407513140121,69.72858684507081,38.83278991548823,0.1570109151973132,0.581024349286314,0.0166015625,0.130859375,0.1796875,66.76716899818413,33.23283100181586,2.0090725642523783,2153.047794433596,1.296317179268635e-05,0.009096703088794308,0.1765578286617522,-0.07906759350614612,0.2556254221678983,38.73035119950971,2.1559821323000805,8.275000708567991e-05,8.275000708567991e-05,12.6839931280847,0.0070987364739322585,0.009096712325313075,730880.0015478721,4354.977774245984,8.275017512950281e-05,129.20340160846644,22.64823228300456,82.75345204440706,5623292.424712913,70119.44066345852,0.15625,6.835112399690499,0.9128107252671708,9.634924753433463,6.168984597520418,3.465940155913045,1.737626548465352,1.673768676370072,0.8332234201627784
S62,0.06686352478688769,78.83000528683837,51.445430680889345,0.2920469361147327,0.6531942633637549,0.0146484375,0.1494140625,0.208984375,29.26057239211221,70.73942760788779,0.413638806272296,2881.5573726064276,0.00018921648226399707,0.08827037657691154,0.5808707725196824,-0.210413409337672,0.7912841818573544,3.343019517908534,1.2250011349740075,0.007791659381029774,0.007791659381029774,81.28607780693021,0.0019580988977746278,0.08827057937901471,454383.0071298014,28559.283476262128,0.007791695183906936,1190.3988955226835,2072.0290086700224,1101.471558032177,1889017600.5717118,3053050.808689597,-0.20703125,9.319822997221754,0.9904164539855712,10.819320994856694,7.796909012468951,3.0224119823877436,-1.485345594804161,0.04797665985475494,0.980924752325353
S63,0.04837086536164072,66.86553773294946,43.718966802233815,0.19825072886297376,0.6209912536443148,0.0390625,0.0400390625,0.1630859375,73.21858669369608,26.781413306303918,2.7339328905566602,2567.407076632382,-0.00010109829820620813,0.01067196433318985,0.06051912331033208,-0.04093694998069311,0.10145607329102518,2.2559277015446026,0.480427074068135,0.00011389082272887627,0.00011389082272887627,37.50101242759769,0.005786465004146678,0.010672443187704326,261472.00054527752,2087.28766212043,0.00011390104359477646,6.564780048029117,6.136107494252301,5.964357414933956,24777.836614676657,4613.5673132770025,-0.03125,8.382870944726275,0.16627240305542554,8.804199112023674,8.19496497970894,0.6092341323147341,-0.06404823384142633,0.9711749898096296,0.02764651201782588
S64,0.06627162263823135,67.77679699346228,59.30854368843192,0.2853566958698373,0.6808510638297872,0.017578125,0.14453125,0.150390625,62.14590035009705,37.85409964990295,1.6417217930120913,3813.4585477541823,6.0592617332407544e-06,0.08910551563062483,1.3889271475432572,-1.4557173994361388,2.8446445469793957,109.82504492788522,-0.3952289238023099,0.007939792915799526,0.007939792915799526,4.213653677992741,0.0035777681606870082,0.08910551583664267,531999.0270336404,11346.959985254816,0.007939792952514178,30.106136206141265,64.90850322098947,190.2107638196922,149434004990.594,7060686.899212964,0.48828125,8.388497736447052,0.7960465942628324,10.26664478339739,7.552411566225578,2.714233217171813,-0.6632560919123329,0.7914948968168177,0.6336901802374545
S71,0.06018109427977112,71.43441873210014,51.1767695196945,0.27156789197299325,0.6301575393848462,0.0166015625,0.1201171875,0.150390625,74.74267855775994,25.257321442240062,2.959248023535905,3867.89818156872,-2.6896017163495647e-07,0.009498522872001149,0.05847819236617789,-0.06359760430103746,0.12207579666721535,1.917341296660629,-0.0658684056690042,9.022193674992894e-05,9.022193674992894e-05,3.3683756903873956,0.008021753320415052,0.009498522875809089,833365.002421392,6203.532573289783,9.022193682226857e-05,67.33871404366595,68.19251251076734,60.3242301504572,1728159.2826957838,66500.49175035232,-0.015625,11.500864327936467,0.488152256001747,13.042609966989291,11.128334120027924,1.9142758469613668,1.9595530888172883,1.707694065851039,0.2382926250395951
S72,0.15115805126744203,86.76334108269766,108.6945070950884,0.40125,0.615,0.013671875,0.1494140625,0.240234375,12.66689641602051,87.3331035839795,0.14504118021913678,6648.115686521526,-2.584185974574503e-05,0.07093536301623443,0.3297584741989173,-0.21347643994830667,0.5432349141472239,1.6839523052538894,0.8881681720440536,0.00503182572624496,0.00503182572624496,4.314823574442352,0.0025622326036357254,0.07093536772334852,447675.00739451597,23838.824172960958,0.005031826394046675,1313.9893643609912,1882.171097573033,1296.28073704744,733166441.9605275,2265981.3873174554,0.28515625,18.069922659979195,1.4843288148444196,20.222350942698004,15.295799307599689,4.926551635098315,-1.2929595595577066,-0.18867422001909986,2.203232030577439
S73,0.07784026012730043,58.62388057199634,80.15171304038037,0.44983818770226536,0.7637540453074434,0.015625,0.10546875,0.171875,31.758362823110676,68.24163717688933,0.46538102157176764,2292.7721388126142,1.4404472925497052e-05,0.011245146964560767,0.08554359229265551,-0.05466045970090203,0.14020405199355754,9.764597335754576,1.3215933129178352,0.00012645333025457022,0.00012645333025457022,4.591640413509931,0.006921827384849545,0.011245156190263013,263435.0007991987,2118.9822315081396,0.00012645353774341054,12.884065924424734,16.915711938781637,14.706066385995458,253331.11496983824,15990.811289208747,-0.171875,11.765823280146241,0.15048376889720508,12.011132842780297,11.523277289803781,0.48785555297651584,-1.2765377116717584,-0.10708069583165082,0.022645364701507423
S74,0.12343419804616665,62.30661070935624,121.95813100272562,0.5020134228187919,0.8026845637583893,0.0146484375,0.12109375,0.150390625,60.32173231935371,39.67826768064631,1.5202713184168717,10251.161693198766,5.019982674754713e-06,0.06601297763150327,1.1140421963726252,-1.1224385505267898,2.236480746899415,125.67980473856122,-0.03046426802891685,0.004357713215777351,0.004357713215777351,4.056395683301708,0.003815319989689591,0.06601297782237656,555447.017617635,8903.544711859364,0.004357713240977578,44.52531041360406,47.82747024166439,44.8552802668521,49811154165.965996,3871190.743830337,0.49609375,12.15754233413392,0.6392526080943156,13.468990645403126,11.359632259430624,2.1093583859725022,-1.296326394614817,0.4014396969460203,0.40864389695538467
S81,0.057424937148442774,71.62579022999175,48.41526318684979,0.3054074638233054,0.6907844630616908,0.0263671875,0.0498046875,0.16015625,46.781016702952165,53.21898329704783,0.8790287563713607,1438.1289101376146,2.7811310980172247e-06,0.003257513985349455,0.03308357720074112,-0.03021753145876495,0.06330110865950607,13.20279189213548,0.9625057758947332,1.0611397364747288e-05,1.0611397364747288e-05,12.160530134678725,0.00439038596810716,0.0032575151725567565,821242.0000844159,1865.8586360753877,1.0611405099437475e-05,2.6999342907087973,5.086884643939329,7.7371427307318035,37525.48965581023,3171.3642282172214,-0.35546875,3.874556480753381,0.09390328848394543,4.183799295655014,3.756155211346211,0.42764408430880296,1.668294515386247,1.42771314974782,0.008817827588099078
S82,0.20737054300420174,92.65798415343515,137.58096367193338,0.1850574712643678,0.48735632183908045,0.0341796875,0.0517578125,0.1689453125,56.094064597489776,43.905935402510224,1.2775963906302,2469.966277373214,5.0196189200338934e-05,0.010174576494209128,0.06862414583717086,-0.05339192817951696,0.12201607401668782,8.745109939447126,0.7795888099915229,0.00010352200683651291,0.00010352200683651291,6.967073891072473,0.002186203799127593,0.010174700314698372,453356.0001121628,2784.4947300943713,0.00010352452649392315,14.540359394561815,30.734559850087876,27.140561846479255,553865.7357979236,17037.110345662684,0.0078125,3.838149545818566,0.09309721117597315,4.1692062394455585,3.685401187086793,0.4838050523587656,1.1684963211234942,0.868236808242735,0.008667090728743741
S83,0.08820383437991755,70.96200746622729,75.84671493762774,0.5027173913043478,0.7744565217391305,0.03515625,0.0400390625,0.158203125,53.770014740738326,46.229985259261674,1.1630982454178067,5505.3816667274305,3.768833184735326e-05,0.0029976678405885136,0.016769298818365738,-0.010347128959730771,0.02711642777809651,2.131047121144346,0.6006937509374385,8.986012482498601e-06,8.986012482498601e-06,38.99108480468038,0.006164873998617764,0.002997904750464237,262395.00004995347,578.6673513399593,8.987432892856041e-06,0.5190504880570852,0.5608114412163948,0.6552116667272829,373.83997471651793,18.67607634471417,-0.17578125,3.7340375561962538,0.04486981410129213,3.8118995027937466,3.6448818904196596,0.16701761237408697,-0.9857494479881654,-0.19014517852725416,0.002013300217484514
S84,0.09012033009568397,71.19528784182508,77.35800053101117,0.4,0.7488372093023256,0.03515625,0.1328125,0.150390625,58.84929472402225,41.15070527597775,1.4300920076423642,6416.91081436259,2.590917345737427e-05,0.006215542632590024,0.08057000450423348,-0.0869969231750993,0.1675669276793328,49.49844723537059,-0.48467977062130435,3.863297021754413e-05,3.863297021754413e-05,49.6463130115881,0.003856764008203174,0.0062155966328916,559871.0001725708,1994.7274664650577,3.8633641502813395e-05,5.267985028266618,3.7546260621507854,3.5172910595062703,2562786.0255258456,19548.32632594907,0.49609375,3.647085999190249,0.09505169154588702,3.7943426218407525,3.52134839514343,0.27299422669732243,-1.8137125721851337,-0.0973878207342841,0.009034824065734451
S91,0.04925022967367756,77.50155155036437,38.43922364847223,0.12,0.47789473684210526,0.0390625,0.134765625,0.150390625,69.26084759884674,30.739152401153255,2.2531801363608275,2072.948728715797,1.1994598966534258e-05,0.004244353954740815,0.03392478851892476,-0.032688555557997476,0.06661334407692224,13.903207871731194,0.5900180689772149,1.8014540493123996e-05,1.8014540493123996e-05,15.572533381132205,0.003916651903151128,0.004244370903152594,815406.0001134203,1910.8953313844777,1.8014684363528365e-05,18.83974709114092,1.6838986623719423,3.5856662334172875,151236.10503423683,8174.2433332402015,0.44921875,1.7490468274867401,0.12404400433963056,2.14307651732243,1.6367126693192853,0.5063638480031447,1.0872804733607824,1.3973305096073108,0.015386915012610284
S92,0.08776116257047357,79.75903265823446,66.8966960266666,0.2105978260869565,0.5774456521739131,0.0166015625,0.1494140625,0.1533203125,45.28528583584808,54.714714164151914,0.8276619283797368,3515.7702672173536,-3.482984748543223e-05,0.020765750789244405,0.10950188477777445,-0.0614541992738174,0.17095608405159185,2.268193270261455,0.9744743927625309,0.0004312164058410047,0.0004312164058410047,5.422943727137633,0.0017831616865096839,0.0207657799988173,447259.0003066314,6842.611250184957,0.00043121761895928065,159.74248688435748,66.78977978092885,81.64666313554739,6786478.785563681,131480.73165340634,0.19140625,3.3632881199446767,0.33244930146095675,3.8989205053215614,2.776342884249223,1.1225776210723386,-1.186230834885658,-0.105602338673341,0.11052253804187809
S93,0.019356427553434818,86.65795651013266,13.445063406602863,0.011494252873563218,0.07816091954022988,0.0390625,0.0400390625,0.158203125,81.02862086167711,18.971379138322895,4.271098072042442,537.1279375959988,8.703922118168215e-05,0.010940366282605963,0.059140371708774106,-0.04793339194401144,0.10707376365278554,5.162507182557176,0.6170526059527726,0.00011969161439758141,0.00011969161439758141,114.32189495928324,0.0020557766394051387,0.01094071250986906,257606.00007232587,1778.3353271809704,0.00011969919022360535,1.0953201325000093,1.6854756419278787,0.5960154290557265,32198.574852688187,2742.794131786749,-0.44921875,3.1239670993508155,0.0800428375528072,3.276677891536285,2.9837007923718004,0.29297709916448467,-1.1315578491797476,-0.09269179430263412,0.006406855843505081
S94,0.043960053901369485,72.99193077483099,36.392729307489894,0.1509433962264151,0.5377358490566038,0.0185546875,0.115234375,0.150390625,85.23335751291322,14.766642487086786,5.772020118144565,2531.6431339923047,3.697385357684934e-05,0.03633765229264825,0.4857578632705615,-0.47036558027338327,0.9561234435439447,75.77181869991234,0.6300460625966184,0.0013204249741414049,0.0013204249741414049,6.826843806506919,0.004200975607479648,0.036337671103240134,340921.0039773197,2561.1640716788615,0.001320426341207253,1679.1992129711175,0.5122457596904689,0.5979256514320089,680995732.3847272,408881.506823513,0.171875,2.867653052785216,0.2005096988034889,3.468110456331156,2.5992628909648277,0.8688475653663286,0.12422274362550345,0.8984727740045868,0.04020413931426584
S101,0.0424694235319524,99.65036809176496,25.697803516607568,0.016639828234031134,0.1266774020397209,0.013671875,0.126953125,0.150390625,65.93544776034683,34.06455223965317,1.9356029486744302,847.2493120127929,2.9734654643088605e-06,0.0015087031393931616,0.00917383301142883,-0.014099082129994006,0.023272915141422837,2.038616678057881,-0.051334318937914326,2.276185162814782e-06,2.276185162814782e-06,2.5902375875927857,0.013871544778342381,0.001508706069554851,829399.0001819651,943.2753027917585,2.276194004311647e-06,1.4519983104699459,1.3857650319116093,2.4820958983875894,1087.1612826901783,343.30499152470577,0.1171875,0.7875083415170726,0.02716697497542468,0.835102849602671,0.7336083379192485,0.1014945116834225,-1.0955567752883808,-0.04334258716101323,0.0007380445293153508
S102,0.05582686140838705,107.710294182452,31.43419390977197,0.036211699164345405,0.20473537604456823,0.0166015625,0.0458984375,0.18359375,53.69678418417312,46.30321581582689,1.1596772111413272,1999.5424158473593,8.394652359873377e-06,0.01224050818482777,0.06115124916136815,-0.05590440630723241,0.11705565546860056,3.686552465337912,0.39440322780581544,0.00014983004062283563,0.00014983004062283563,6.767802908824321,0.0022653136461969594,0.012240511063392079,300627.0001155792,2458.7312972306177,0.00014983011109302388,2.892049934023188,11.160065872188836,7.610040302694641,82344.81988358955,6542.647367488878,-0.28125,1.8428705223790653,0.17937830745932046,2.0833903994757828,1.5604595382494366,0.5229308612263461,-1.6258433145611553,-0.17325749127737572,0.0321765771869705
S103,0.050846712508320464,77.98124848032911,39.39801999082646,0.16464891041162227,0.5399515738498789,0.0244140625,0.1376953125,0.1552734375,56.85172186881456,43.148278131185435,1.3175895848257486,2255.5355375068666,4.873383401298775e-05,0.0012790294223855847,0.010011421440038863,-0.005778983067787727,0.01579040450782659,4.393376234690028,0.8132376130831237,1.6359162633280026e-06,1.6359162633280026e-06,25.378474506735245,0.01334074585782913,0.0012799575187894356,263793.00004716654,249.12285030085906,1.6382912499056086e-06,0.267909809793021,0.31371252624690515,0.2814380188280621,23.899375554605392,-81.70623212379266,-0.01171875,0.920445185550509,0.010656662419722079,0.9382962556743665,0.8890454027031037,0.04925085297126275,-0.294776996836589,-0.6117149655578173,0.00011356445392791685
S104,0.058409291496716476,77.467040680081,45.656621309953856,0.21473684210526317,0.62,0.01953125,0.1123046875,0.15625,48.166353537282,51.833646462717994,0.9292487954118037,2793.8339715438055,-9.985015626687612e-06,0.02459462288485962,0.4255630076088731,-0.4189972826048568,0.8445602902137299,132.5221839344667,0.3299661283748172,0.0006048954748484605,0.0006048954748484605,5.92305331463146,0.003672579517186531,0.024594624911736265,559962.0022855304,2292.3554961099017,0.000604895574548998,1.2519952974239197,1.2276455439252656,0.7929874598953348,835510330.877307,418163.2530675391,0.49609375,1.319093252010193,0.34776857905250036,1.7613992349652634,0.956298918647136,0.8051003163181274,-1.955465713908292,0.02240443438269482,0.12094298457619519
S111,0.059872569076968245,74.73252602655539,48.37603554114198,0.2922077922077922,0.7142857142857143,0.0185546875,0.0400390625,0.154296875,48.09324091741865,51.90675908258136,0.9265313760179946,1422.3862080559602,1.1367557816390663e-05,0.004377403748771494,0.030199178254041403,-0.019368306847457634,0.04956748510149904,2.129221802533685,0.39938693955321697,1.9161663579758726e-05,1.9161663579758726e-05,28.833758706220763,0.005468104117193977,0.004377418508793674,826262.0002483538,2700.611207263101,1.916179280112943e-05,11.369096256304271,16.54301882664727,11.934853884257961,87817.84430269808,9370.011995677238,0.30078125,6.088021303035151,0.134948697469112,6.655652099665447,5.94216714247513,0.7134849571903175,4.852064442932053,2.122489958652815,0.018211150948609915
S112,0.015232027852700763,124.19253137564871,7.3807500406003745,0.000782472613458529,0.018779342723004695,0.0234375,0.0400390625,0.150390625,66.91194183521556,33.08805816478444,2.0222384009959766,277.94475786084104,5.2922010433810255e-05,0.01688782965818266,0.10284408488560937,-0.07115092956232699,0.17399501444793636,5.247402006564306,1.1308270071494557,0.0002851987905637939,0.0002851987905637939,70.94493242720873,0.0029656151491680794,0.01688791257980045,475859.00064940995,5446.545110414456,0.0002852015913029823,268.86544822948395,94.70158174098925,98.42615618857992,4576771.482397413,80743.5819595583,0.18359375,6.962119422765406,0.3293959748652135,7.669679723121448,6.4580253660950975,1.211654357026351,-0.795954850739574,0.370334158687931,0.10850170825740436
S113,0.08154115617652595,75.77414781760805,65.77761383107642,0.31989247311827956,0.6989247311827957,0.0390625,0.1494140625,0.1513671875,60.540205491979705,39.45979450802029,1.5342250573472898,6118.512812979922,1.4710662375573197e-05,0.0064521784165885955,0.03972358187307235,-0.03085144492617198,0.07057502679924434,5.500030552313543,1.3252473273986325,4.163060631949172e-05,4.163060631949172e-05,3.7389987192570113,0.004287772104933228,0.006452195186374884,255259.0000976915,1153.3421885489408,4.163082272307923e-05,2.060127400917746,2.116391513524625,5.574640818586563,13810.712710771639,1853.8719134328858,-0.3671875,6.322254198533543,0.021515824764199703,6.376895373356325,6.291347469047964,0.08554790430836068,0.1258920849827354,1.06273168083694,0.00046293071528374924
S114,0.07294139061757242,86.72245331596484,51.534228296766486,0.23659003831417624,0.5977011494252874,0.0302734375,0.130859375,0.1533203125,68.69207613319965,31.307923866800344,2.194079569934126,5435.373882438077,-1.3825295189044499e-05,0.011503989819285989,0.0679035767547924,-0.06897351151931905,0.13687708827411144,3.985125130034872,0.0671045239818284,0.00013234178176223566,0.00013234178176223566,66.32557659144867,0.002867257719643259,0.011503998126782825,557115.0003248589,4527.559831220241,0.00013234197290102275,44.95505440967263,26.1088653193694,42.14146513020398,1061452.1206151317,33087.67189760234,0.49609375,6.431344903958128,0.06798602292734375,6.557025058164432,6.341106519682651,0.21591853848178122,-1.745808942854406,0.04945102746307958,0.00462209931347731
S131,0.045790136877737996,87.53329927186857,31.564826208994038,0.0561941251596424,0.2624521072796935,0.0283203125,0.0400390625,0.1611328125,54.272649054688216,45.72735094531178,1.1868749869109256,1405.7212181691864,2.952523853438723e-06,0.00421560179009267,0.0948446826490556,-0.04576105803266806,0.14060574068172366,62.217663900505116,3.585963873122912,1.7771298452632528e-05,1.7771298452632528e-05,2.302437808960854,0.007093177324006262,0.004215602824037107,811684.0003629,1874.177377795848,1.7771307170029633e-05,19.908668086944303,8.121603619697531,9.957019939561425,250190.78165017374,11698.529876107068,0.08203125,2.3517104649482024,0.02276368056980676,2.422675422569875,2.3150497865243223,0.10762563604555275,0.0768423237614635,0.5901014563116621,0.0005181851530841978
S132,0.03119435101720193,110.9671250213683,17.0372862675417,0.020933977455716585,0.15619967793880837,0.0068359375,0.1376953125,0.1552734375,71.99618092941058,28.003819070589405,2.570941511510603,1523.6422357542008,4.773256001534925e-06,0.06186420116091285,0.26050906233633764,-0.22790350427853096,0.4884125666148686,2.439835410400369,0.6457011629592792,0.003827179385277891,0.003827179385277891,4.8078843673900575,0.0018479032229264676,0.0618642013450579,256930.00167892902,10818.371815060967,0.003827179408061864,128.98350698629446,18.305633065655403,154.94063250437108,29849950.72927709,277628.19310590765,0.46484375,4.59779447712698,0.7926241379286587,6.345938171999416,3.3081058682750277,3.037832303724388,-0.8310758908324507,0.3318840129965769,0.6282530240271494
S133,0.06140382523545214,87.51809042314713,42.48309430359482,0.11300639658848614,0.36673773987206826,0.0126953125,0.12890625,0.15234375,69.9265325881961,30.073467411803918,2.325190229336499,2571.785556478396,-1.4763584169101178e-05,0.0031552586467954455,0.0119839258589692,-0.011968008469802761,0.023951934328771962,1.027882348228184,0.052150024907525794,9.955657128177426e-06,9.955657128177426e-06,14.25208878637765,0.0048108013126753795,0.0031552931863132695,268431.00003119506,638.0802056444666,9.955875091594945e-06,0.8202351139753572,0.37691928150872855,0.5589402645580596,360.28124110054387,23.641339983080545,-0.2734375,2.777757759836162,0.10690666391402977,2.872195228635077,2.534107592113874,0.3380876365212031,-0.2706272154574747,-1.1710438839342425,0.011429034789227315
S134,0.10876076446864726,76.8265351911159,86.32792920755072,0.29935622317596566,0.6158798283261803,0.0224609375,0.1474609375,0.150390625,43.78040249167709,56.21959750832291,0.7787391662701909,5196.9759471157795,2.065674948653879e-05,0.016771113721485823,0.2884937543567985,-0.28569898946105104,0.5741927438178496,126.34560286753691,0.1698157352296927,0.0002812702554590101,0.0002812702554590101,7.818747672056696,0.0037571863130747016,0.016771126442797733,553726.0011007423,2058.4932887875934,0.00028127068216030933,2.1018510710020903,1.2805970815527203,1.9439950004485564,144966735.16435102,159731.46591375896,0.49609375,3.2426757310090597,0.29245512346137387,3.5979874369225224,2.9112842288972347,0.6867032080252877,-1.9487444407963643,0.0065741553458150415,0.08552999923880744
S141,0.038763343084139895,73.55778175623279,31.786630398557204,0.11361665221162186,0.5030355594102341,0.0224609375,0.0400390625,0.150390625,79.18411621637756,20.815883783622432,3.804023746456455,1205.807546152378,5.898182963266576e-05,0.00462204917660382,0.10815198279809676,-0.0410177778126104,0.14916976061070716,74.11068483701987,4.052031185748062,2.1363338590944052e-05,2.1363338590944052e-05,55.53763453993815,0.006448666551959149,0.0046224254939556215,663789.0003703798,1561.2845929843193,2.1366817447170868e-05,14.405088699117785,1.8296926920041436,2.367483200583455,351732.95519101113,9675.883703934514,-0.00390625,2.8078625184318766,0.017250754423463795,2.8659580242519667,2.773377663270748,0.09258036098121858,0.5339920525345385,0.7646409774861977,0.00029758852817865565
S142,0.04885129251858284,128.45420497253218,22.98398712118114,0.008287292817679558,0.04143646408839779,0.0146484375,0.0400390625,0.185546875,52.28884248303587,47.71115751696413,1.0959457955813399,926.7084335128272,1.989344012225549e-05,0.008390925849218822,0.11683900451153098,-0.042030472518143736,0.15886947702967472,40.80832802798868,3.97684745437382,7.040763660708861e-05,7.040763660708861e-05,3.9743180548302384,0.004036445824663153,0.008390949431145949,367787.0002109661,1698.0805607540779,7.040803235604851e-05,1.9145816339779904,4.600193447001559,80.58945933152543,724073.1032975322,13332.850966996915,0.3515625,2.9649959310137426,0.029037244425376904,3.0439420411471434,2.917089528924739,0.12685251222240446,0.26238543108959966,0.8525858573566515,0.0008431615638190822
S143,0.029891168734875122,83.5507950516608,21.58269588934972,0.0367816091954023,0.29195402298850576,0.0234375,0.125,0.1533203125,74.67306586322147,25.32693413677853,2.948365777711125,888.4898520670656,4.852572731965794e-06,0.0037788939921957927,0.03458491953143478,-0.017679423468601397,0.05226434300003617,12.980021743556874,1.3803022319853113,1.4280039804253457e-05,1.4280039804253457e-05,17.67187920956345,0.00419393979947147,0.0037788971078497988,262471.0000333058,656.971709405693,1.4280063351715574e-05,0.6631628136178933,0.6154511237687292,0.6509377066512301,946.6813654253949,80.3834356285071,-0.22265625,3.004318581762936,0.04293343565461371,3.07104223657262,2.9055226824879705,0.16551955408464947,-0.48552070630228217,-0.5740504389074644,0.0018432798971088555
S144,0.04133455036567613,77.57289410506094,32.13114522803315,0.09958071278825996,0.4350104821802935,0.015625,0.123046875,0.16015625,58.24197682349457,41.75802317650543,1.3947493773187905,1338.9035183896433,-9.51943399576756e-06,0.0024940328114270143,0.017178016584951543,-0.015686562474226107,0.032864579059177654,3.2171717326456024,0.10956490013301418,6.2201996644745365e-06,6.2201996644745365e-06,34.991647380673584,0.006215459898234531,0.002494050978648619,559299.0000735186,1053.5445412832867,6.220290284098133e-06,1.9304788497589707,1.1774238498494436,1.437901079652322,4416.982660883475,767.9156928128697,0.49609375,2.934845373881741,0.022657324593145463,2.979345866974203,2.8890623972157052,0.09028346975849777,-1.1550369179363238,-0.2505839328802871,0.0005133543577191541
S151,0.04169396126172381,83.34008223829984,30.2031706791413,0.05548216644649934,0.3441215323645971,0.0166015625,0.08203125,0.150390625,74.97295058715218,25.02704941284782,2.995676771575968,1565.089463263751,2.5441707989539197e-05,0.0034870320652727487,0.030920823864325653,-0.03393932150427492,0.06486014536860057,18.8851144138161,-0.5660575451175177,1.215939262424033e-05,1.215939262424033e-05,50.734089971107394,0.005634470090921765,0.003487124876563178,825897.0001853281,1630.3572912145532,1.2160039904745758e-05,1.8458787188897205,3.8935944001062053,4.10316803543314,163543.7020296131,6281.3217360504095,-0.30859375,1.795644228356307,0.2133185438014389,2.143981898356243,1.4100336181100703,0.7339482802461725,-1.2179324223218502,-0.03310850410945516,0.0455048011295664
S152,0.06791614248779324,85.32817266203419,48.15051270778728,0.19,0.5825,0.0234375,0.048828125,0.169921875,36.891469424828344,63.108530575171656,0.5845718334526123,1708.5079541126347,3.144350030947286e-05,0.016776544497902196,0.23240934733555269,-0.06350343160791999,0.2959127789434727,88.11485216697466,7.283103110782325,0.00028145244529009247,0.00028145244529009247,3.541300424002755,0.0036171099566251735,0.016776573964424446,205929.00037917157,1475.2113919990527,0.0002814534339838042,0.8381061999525338,103.80330857672345,0.5721124687452104,2975601.6211405178,21462.36251618632,0.23046875,3.4279414242054114,0.08522042033579756,3.5715049680375803,3.253745826320664,0.31775914171691655,-0.9384913130071992,-0.20731061614104387,0.007262520042210019
S153,0.06395670767502634,77.43521102184447,49.95598786173793,0.13022113022113022,0.4643734643734644,0.0185546875,0.109375,0.1669921875,51.969770937357644,48.030229062642356,1.0820221338019693,2278.70811763931,2.7057010582323255e-05,0.0017481230782556405,0.013176563286116402,-0.007377965535718354,0.020554528821834755,2.114525949545122,0.5140312939794043,3.0559342967299765e-06,3.0559342967299765e-06,20.500390147246033,0.010205004201778192,0.0017483324565286857,263561.0000455835,351.08759948080876,3.0566663785516286e-06,0.7609036368077369,0.5329418633815218,0.4438449710978097,126.63446856942835,-55.83223528418431,-0.484375,2.4877267089603494,0.07341500572975788,2.6172385222757337,2.3735412525944137,0.24369726968132,-1.2906261870096385,0.15534573901233178,0.005389763066300383
S154,0.0791416658538921,69.61389088904018,68.94781471265809,0.30387409200968524,0.6634382566585957,0.025390625,0.1484375,0.1728515625,29.590592661153398,70.4094073388466,0.42026475977489924,3602.2142680112443,-1.214575588929175e-05,0.029732500223257022,0.48324104486562136,-0.5035791583328637,0.9868202031984851,121.45737152285575,-0.5011282627943446,0.0008840215695259788,0.0008840215695259788,4.135628292880908,0.0036158262296692705,0.029732502704033607,543509.0031410537,3220.0127476280186,0.0008840217170453658,3.7727011124559033,4.1923284236163765,35.00151188170446,2290791117.29131,733965.1752334597,-0.4921875,3.4760600979752856,0.536243158117129,4.06389406529673,2.854902645889163,1.208991419407567,-1.975220275191681,-0.0069613538172441924,0.28755672462743215
S161,0.06724616569524369,65.86438108485606,61.9065346658,0.4011437908496732,0.7540849673202614,0.0185546875,0.0400390625,0.150390625,59.30005808060477,40.69994191939523,1.4570059632528813,3399.8186012613805,-1.587022067792257e-05,0.0016995634740103675,0.009487852669862453,-0.014061798410198247,0.0235496510800607,3.47862904183797,-0.2517199350363243,2.8885160021901887e-06,2.8885160021901887e-06,20.79218435302388,0.009720138573841389,0.0016996375690406925,829499.0001223471,1046.6639852435983,2.888767866094555e-06,1.235311049621655,1.0805818591382645,1.9158807787950756,2172.859683076264,569.9830884925148,0.03515625,0.9711693910903492,0.013599698098747568,1.025795378259529,0.9421062834455786,0.08368909481395048,4.405912378637005,1.453789109069559,0.0001849517883770782
S162,0.015761680384469536,128.10864070531133,7.444705718305238,0.0,0.029272151898734177,0.0126953125,0.12890625,0.1650390625,76.0334728731088,23.9665271268912,3.1724860456647828,319.44114529905664,4.5321609426011e-05,0.03993886018251374,0.27119603412021753,-0.14184427792226365,0.41304031204248115,8.154270282406564,1.762906138780917,0.0015951125526783815,0.0015951125526783815,5.250453993369141,0.0020972244943448046,0.0399388858974141,465013.0016312875,12749.93233979895,0.0015951146067266627,288.6647509831673,236.3935489241885,98.988226332767,93154488.11770242,483810.7532397837,0.00390625,3.934794383530878,0.7726713573116862,5.001472084957226,2.5821220303386068,2.419350054618619,-1.42719481289714,-0.2788061621523633,0.5970210264098835
S163,0.031219945795585156,87.37564032581342,21.5544166696185,0.024498886414253896,0.3028953229398664,0.0283203125,0.1416015625,0.2041015625,80.24718432626983,19.752815673730172,4.0625693901954865,915.9437947700429,6.47599706169965e-06,0.007153628492847864,0.040843049699976625,-0.026510560211996534,0.06735360991197316,5.538882435244268,1.265287033547274,5.11744006136848e-05,5.11744006136848e-05,21.27680964817312,0.0038096316883808995,0.007153631424124583,260933.0000981111,1244.544387962206,5.1174442552222714e-05,3.7788305177492862,2.275241883113818,1.8055110845835511,6591.056685999341,1166.8370404717882,-0.1875,2.140387233776023,0.060910414374421934,2.207002815640874,1.9974729550225985,0.2095298606182756,0.003048866467569411,-1.203019720471873,0.003710078579263786
S164,0.08412332958483139,76.67694654462912,67.12307126458832,0.30751445086705204,0.63121387283237,0.0166015625,0.1376953125,0.150390625,57.09161544726823,42.90838455273176,1.330546839327082,5380.046081748941,4.012754675949223e-05,0.014637095287916705,0.13983065559575103,-0.1801291788885873,0.3199598344843383,38.23409106207979,-0.3045034573865834,0.00021424455846755342,0.00021424455846755342,31.69849973616262,0.0031187994166994642,0.014637150292579575,492449.0005229331,3453.272141380789,0.00021424616868756234,25.93480852583455,27.157259278318666,38.21646539592885,17146343.752312742,72983.21502064475,0.43359375,1.8976764288165995,0.08725652702167276,2.1524036397225244,1.744867318750591,0.4075363209719334,-0.27855015647780723,0.3355151183101012,0.007613701507883909
S171,0.09968242022212061,67.30613041391892,90.63328710405312,0.515422077922078,0.7824675324675324,0.0185546875,0.0400390625,0.162109375,32.44344316912059,67.5565568308794,0.4802412184851172,4981.051731461949,-7.874095262611941e-06,0.007453279209907818,0.09328010204576515,-0.0678637035965947,0.16114380564235986,40.32037974329385,2.1870253330031,5.5551370980844105e-05,5.5551370980844105e-05,5.60780137640639,0.002788236106720014,0.007453283369242063,822362.0001775885,3268.3497819166396,5.555143298222031e-05,7.463594138243346,8.081367558638783,13.881357309871289,2382631.144999761,30348.688633451446,0.078125,5.424999056480266,0.10193926600488325,5.682951400304467,5.287907312099134,0.3950440882053332,-1.3782091900612308,0.20864351863612973,0.010391613953614346
S172,0.07513746498147647,115.68527848649727,39.818351573968314,0.0827250608272506,0.23114355231143552,0.0126953125,0.1396484375,0.1845703125,42.45246428559875,57.547535714401256,0.737693869226359,2081.1184327882947,1.0870602429272573e-05,0.01227519605343108,0.09288346184420676,-0.06354357416754297,0.15642703601174973,8.838917884871046,1.1627131123404821,0.00015068043815016994,0.00015068043815016994,3.797862218329822,0.004616194641006048,0.012275200866795096,496549.00079724326,3942.0928216949164,0.00015068055632016709,25.214402469187107,49.201080661539656,21.91415839958515,2190448.8497184287,41811.62601562972,-0.36328125,7.283398878405286,0.11264193525074286,7.46948674863069,7.060010855864483,0.40947589276620633,-0.7345351568322966,-0.26512780136636505,0.012688205577032546
S173,0.06463359813637407,75.89499047006123,51.98453483075389,0.28421052631578947,0.6789473684210526,0.0322265625,0.0419921875,0.1826171875,46.78263560062792,53.21736439937209,0.8790859173247577,3470.1533400391,3.308495328335161e-05,0.006692440148488189,0.030452635744425503,-0.024168905539622417,0.05462154128404792,2.45315155029944,0.6050846648791995,4.478875514109661e-05,4.478875514109661e-05,5.995601167624231,0.00272945918058427,0.006692521927885658,262158.00004374154,1262.0361153100564,4.478984975523037e-05,0.8755777441973585,2.792401970504749,6.1986282611010886,3675.8675005912282,960.4139292397851,-0.4921875,5.926221988890656,0.09979211469207898,6.061611024708983,5.715530070390827,0.34608095431815666,-0.4075370917850698,-0.8149869770959188,0.009958466154717044
S174,0.124832020659785,63.3569794229019,121.44933556033044,0.5292397660818714,0.7865497076023392,0.0234375,0.1494140625,0.15625,30.365791767632484,69.63420823236751,0.43607578140764713,9366.414196303354,-1.2438101421201924e-05,0.033949913956349255,0.5467563184793871,-0.5335976887552956,1.0803540072346827,105.57509666464267,0.2119687402893582,0.0011525966576435179,0.0011525966576435179,4.132842492747881,0.0036233734428751884,0.03394991623479925,506166.0038298921,4484.122833844943,0.001152596812349886,8.721899002822836,8.859879402852691,9.664933742268385,2160941679.316352,723041.0100114756,-0.45703125,6.686212650103219,0.4738109122843717,7.319150641786573,6.123512694808606,1.1956379469779668,-1.91433079579118,-0.12681335280799386,0.2244967805997486
